Sample#,Planet_Mass,Epsilon,Alpha,Stokes,Aspect_Ratio,SigmaSlope,Dust_gap_1,Gas_gap_1,Dust_depth_1,Gas_depth_1,Dust_gap_2,Dust_depth_2,#_DG,#_GG,
0,950,0.000128,0.0565,0.00524,0.0756,0.087,0.541,0,0,0,0,0,0,0,0
1,951,0.000109,0.0352,0.00123,0.0271,0.088,0.595,0,0,0,0,0,0,0,0
2,952,0.000226,0.0915,0.00391,0.00137,0.0997,0.662,0,0,0,0,0,0,0,0
3,953,0.000233,0.0338,0.000607,0.0316,0.0369,0.784,0.554,0.34,6.77E-09,1.82E-06,0.275,6.30E-09,2,1
4,954,0.000174,0.085,0.00411,0.0535,0.0795,0.739,0.037,0,3.57E-06,0,0,0,1,0
5,955,0.000288,0.0866,0.00349,0.0635,0.0641,0.743,0.779,0.295,1.82E-18,3.93E-05,0,0,1,1
6,956,0.000166,0.0679,0.00825,0.0852,0.09,1.05,0,0,0,0,0,0,0,0
7,957,0.000343,0.0717,0.00871,0.08,0.027,0.901,0.804,0.336,1.37E-17,3.44E-06,0,0,1,1
8,958,0.000142,0.0574,0.00809,0.0877,0.0539,0.858,0.677,0,3.49E-08,0,0,0,1,0
9,959,0.000241,0.0414,0.00957,0.00401,0.035,0.875,0.66,0.23,6.02E-08,2.95E-05,0,0,1,1
10,960,0.000185,0.0313,0.00789,0.0146,0.0538,1.3,0.632,0,7.11E-08,0,0,0,1,0
11,961,0.000169,0.0143,0.00342,0.0477,0.0612,1.07,0.738,0,2.86E-12,0,0,0,1,0
12,962,0.000223,0.0616,0.00582,0.0322,0.057,1.07,0.664,0,1.48E-08,0,0,0,1,0
13,963,0.00025,0.0907,0.00742,0.0319,0.0707,0.745,0.119,0,3.84E-07,0,0,0,1,0
14,964,0.000304,0.0688,0.00855,0.0175,0.059,1.16,0.697,0,3.37E-09,0,0,0,1,0
15,965,0.000231,0.0808,0.00103,0.0447,0.0753,1.07,0.8,0.295,1.20E-09,4.17E-05,0,0,1,1
16,966,0.000298,0.0799,0.00331,0.0394,0.0701,1.38,0.792,0,6.44E-08,0,0,0,1,0
17,967,6.17E-05,0.0635,0.00162,0.0509,0.0471,0.955,0.701,0,2.70E-11,0,0,0,1,0
18,968,0.000322,0.0444,0.00681,0.0694,0.0762,1.42,0.107,0,4.64E-07,0,0,0,1,0
19,969,0.000244,0.0858,0.0024,0.0284,0.0436,0.836,0.824,0.308,1.78E-18,1.68E-05,0,0,1,1
20,970,2.95E-05,0.0382,0.00468,0.00682,0.0534,1.38,0,0,0,0,0,0,0,0
21,971,0.000355,0.0163,0.00257,0.02,0.0366,1.24,0.833,0.369,2.66E-16,3.47E-06,0,0,1,1
22,972,0.00014,0.0128,0.00527,0.0874,0.082,1.1,0,0,0,0,0,0,0,0
23,973,0.000272,0.0659,0.0026,0.0786,0.0367,0.956,0.857,0.357,5.33E-29,6.28E-06,0,0,1,1
24,974,0.000155,0.0169,0.00756,0.0462,0.0429,0.597,0.722,0,2.90E-13,0,0,0,1,0
25,1075,0.000323,0.0727,0.00913,0.0962,0.0639,1.47,0.751,0,2.84E-08,0,0,0,1,0
26,1076,0.000247,0.0693,0.00159,0.00442,0.0838,1.03,0.111,0,6.36E-06,0,0.18,3.87E-06,3,0
27,1077,3.56E-05,0.0177,0.000574,0.0722,0.0818,1.11,0,0,0,0,0,0,0,0
28,1078,0.000287,0.0457,0.00798,0.0905,0.0408,1.49,0.787,0.263,6.13E-22,2.89E-05,0,0,1,1
29,1079,0.000175,0.0938,0.00718,0.0406,0.0431,1.09,0.722,0.139,1.87E-12,4.59E-05,0,0,1,1
30,1080,0.000357,0.0654,0.00366,0.0533,0.0394,0.83,0.861,0.373,1.06E-23,7.91E-06,0,0,1,1
31,1081,0.00015,0.0523,0.00663,0.0273,0.0447,0.669,0.71,0,5.57E-11,0,0,0,1,0
32,1082,7.62E-05,0.0652,0.00783,0.0953,0.0303,0.764,0.705,0,8.52E-16,0,0,0,1,0
33,1083,0.000212,0.0615,0.00947,0.065,0.0286,1.49,0.751,0.25,2.84E-16,1.68E-05,0,0,1,1
34,1084,0.000188,0.0447,0.00796,0.0499,0.0904,0.68,0,0,0,0,0,0,0,0
35,1085,0.000206,0.0462,0.00282,0.00195,0.0486,0.78,0.599,0.23,6.97E-08,3.49E-05,0,0,1,1
36,1086,0.000145,0.0965,0.00737,0.0588,0.0288,0.52,0.738,0.213,6.26E-16,2.43E-05,0,0,1,1
37,1087,0.000195,0.0543,0.00186,0.0154,0.0808,0.783,0.078,0,8.15E-07,0,0,0,1,0
38,1088,0.000138,0.0541,0.00551,0.0168,0.0933,0.745,0,0,0,0,0,0,0,0
39,1089,0.000204,0.0998,0.00922,0.0315,0.0717,1.2,0.09,0,7.89E-07,0,0,0,1,0
40,1090,0.000304,0.0346,0.00893,0.0953,0.0637,1.28,0.726,0,2.85E-09,0,0,0,1,0
41,1091,0.000309,0.0558,0.00467,0.0863,0.0452,0.946,0.845,0.34,1.03E-30,2.05E-05,0,0,1,1
42,1092,0.000162,0.0513,0.00226,0.0105,0.0855,1.12,0.029,0,2.31E-06,0,0,0,1,0
43,1093,0.00028,0.0607,0.00454,0.0119,0.0675,0.692,0.705,0,3.42E-08,0,0,0,1,0
44,1025,5.72E-05,0.0468,0.00201,0.0623,0.0692,0.945,0,0,0,0,0,0,0,0
45,1026,0.000136,0.0127,0.00145,0.0826,0.0723,0.82,0,0,0,0,0,0,0,0
46,1027,0.000243,0.0417,0.00717,0.0631,0.0605,1.35,0.718,0,9.76E-09,0,0,0,1,0
47,1028,0.000112,0.0406,0.00943,0.00178,0.0323,1.03,0.172,0,5.14E-07,0,0,0,1,0
48,1029,9.61E-05,0.0262,0.00358,0.0111,0.0536,0.686,0.074,0,3.07E-07,0,0,0,1,0
49,1030,0.000251,0.0206,0.00128,0.0378,0.0708,1.03,0.771,0.185,1.98E-17,4.61E-05,0,0,1,1
50,1031,4.65E-05,0.0646,0.00279,0.0177,0.058,0.761,0.008,0,3.15E-06,0,0,0,1,0
51,1032,0.000142,0.0402,0.0091,0.00484,0.0589,1.38,0.033,0,1.95E-06,0,0,0,1,0
52,1033,0.000217,0.0872,0.000484,0.0454,0.0622,0.609,0.923,0.394,1.87E-27,2.03E-05,0,0,1,1
53,1034,0.00026,0.0691,0.00579,0.046,0.0411,0.725,0.783,0.267,7.61E-18,2.64E-05,0,0,1,1
54,1035,2.86E-05,0.1,0.000822,0.0748,0.0438,1.07,0.673,0,1.44E-06,0,0,0,1,0
55,1036,7.15E-05,0.0851,0.0075,0.0585,0.0358,0.543,0.689,0,7.64E-12,0,0,0,1,0
56,1037,0.0002,0.0275,0.00402,0.0346,0.0285,1.04,0.767,0.271,3.48E-17,6.41E-06,0,0,1,1
57,1038,0.000168,0.0943,0.00109,0.0689,0.046,0.95,0.841,0.332,3.30E-41,1.64E-05,0,0,1,1
58,1039,0.000175,0.0862,0.00749,0.0489,0.0735,0.937,0.062,0,1.70E-06,0,0,0,1,0
59,1040,4.15E-05,0.05,0.00732,0.029,0.0308,1.15,0.648,0,1.95E-09,0,0,0,1,0
60,1041,6.64E-05,0.0638,0.00175,0.086,0.0772,0.867,0,0,0,0,0,0,0,0
61,1042,0.000165,0.0383,0.00764,0.0606,0.0308,1.33,0.734,0.209,3.40E-16,2.70E-05,0,0,1,1
62,1043,0.000145,0.0856,0.00986,0.0779,0.096,1.27,0,0,0,0,0,0,0,0
63,1044,0.000327,0.0424,0.00217,0.0262,0.0458,1.48,0.853,0.353,3.24E-19,1.16E-05,0,0,1,1
64,1045,0.00026,0.027,0.00269,0.0272,0.065,1.06,0.742,0,5.99E-14,0,0,0,1,0
65,850,3.00E-05,0.0588,0.00774,0.0565,0.0907,1.23,0,0,0,0,0,0,0,0
66,851,4.77E-05,0.0237,0.00134,0.0213,0.0281,1.04,0.611,0.144,5.27E-16,2.85E-05,0,0,1,1
67,852,0.000268,0.0612,0.000781,0.0352,0.0677,0.558,0.939,0.369,6.38E-19,2.88E-05,0,0,1,1
68,853,8.35E-05,0.0903,0.00278,0.00451,0.0485,1.37,0.492,0,1.23E-06,0,0,0,1,0
69,854,3.67E-05,0.0946,0.007,0.0134,0.0453,1.16,0,0,0,0,0,0,0,0
70,855,0.000181,0.0736,0.00453,0.0794,0.0318,0.529,0.788,0.262,1.65E-25,1.50E-05,0,0,1,1
71,856,0.000242,0.0826,0.00083,0.0357,0.0973,1.09,0.037,0,4.01E-06,0,0,0,1,0
72,857,0.00016,0.094,0.000187,0.0577,0.0467,0.506,0.57,0.336,1.19E-08,6.60E-06,0.283,8.62E-09,2,1
73,858,0.000133,0.0601,0.00574,0.0551,0.0909,0.725,0,0,0,0,0,0,0,0
74,859,0.000256,0.0779,0.00427,0.0197,0.0945,1.04,0.053,0,1.91E-06,0,0,0,1,0
75,860,0.000358,0.028,0.00316,0.0704,0.0984,0.58,0,0,0,0,0,0,0,0
76,861,0.00016,0.082,0.0077,0.0562,0.0515,0.962,0.705,0,1.43E-08,0,0,0,1,0
77,862,0.000287,0.019,0.00965,0.0534,0.0363,0.986,0.755,0.254,1.17E-15,2.64E-05,0,0,1,1
78,863,2.89E-05,0.0516,0.00704,0.0707,0.0309,1.02,0.636,0,4.66E-09,0,0,0,1,0
79,864,0.000107,0.0729,0.00939,0.0408,0.0647,1,0.037,0,2.48E-06,0,0,0,1,0
80,865,0.000141,0.0673,0.00133,0.0214,0.0754,0.713,0.066,0,1.38E-06,0,0,0,1,0
81,866,0.000106,0.0244,0.00987,0.0911,0.033,0.978,0.705,0,1.62E-14,0,0,0,1,0
82,867,7.96E-05,0.0426,0.00887,0.0775,0.0992,0.667,0,0,0,0,0,0,0,0
83,868,0.000289,0.059,0.0094,0.0129,0.028,0.826,0.726,0.287,1.33E-10,8.48E-06,0,0,1,1
84,869,0.000346,0.073,0.00895,0.0901,0.0427,1.17,0.796,0.291,1.45E-21,2.74E-05,0,0,1,1
85,1000,0.000332,0.0603,0.0034,0.0223,0.0455,0.659,0.82,0.328,1.20E-15,1.70E-05,0,0,1,1
86,1001,6.36E-05,0.06,0.00618,0.056,0.0985,1.29,0,0,0,0,0,0,0,0
87,1002,0.000329,0.0501,0.00165,0.0481,0.097,1.39,0,0,0,0,0,0,0,0
88,1003,0.000312,0.0936,0.0016,0.0249,0.0582,1.11,0.886,0.365,3.36E-18,2.19E-05,0,0,1,1
89,1004,0.00033,0.0694,0.00512,0.0826,0.0697,0.795,0.738,0,7.42E-08,0,0.029,2.68E-06,2,0
90,1005,0.000307,0.0458,0.00208,0.0124,0.0601,0.679,0.837,0.299,6.26E-12,3.23E-05,0,0,1,1
91,1006,0.000294,0.0937,0.000112,0.0999,0.0663,0.652,0.111,0.623,1.37E-07,7.06E-06,0.837,1.80E-20,2,1
92,1007,0.000253,0.0817,0.000838,0.0637,0.0912,1.42,0.923,0.226,3.03E-07,3.57E-05,0,0,1,1
93,1008,4.40E-05,0.0332,0.00646,0.0545,0.0566,0.865,0,0,0,0,0,0,0,0
94,1009,0.000272,0.083,0.00786,0.0376,0.0667,0.568,0.697,0,1.59E-08,0,0,0,1,0
95,1010,0.000191,0.01,0.00703,0.0696,0.0519,0.519,0.734,0,2.24E-16,0,0,0,1,0
96,1011,0.000341,0.0163,0.00434,0.0356,0.0798,0.76,0.115,0,1.12E-07,0,0,0,1,0
97,1012,4.49E-05,0.0652,0.00303,0.0705,0.0493,0.63,0.025,0,2.82E-06,0,0,0,1,0
98,1013,0.000349,0.0218,0.009,0.0227,0.0942,1.18,0.057,0,5.66E-07,0,0,0,1,0
99,1014,0.0003,0.0831,0.0063,0.091,0.084,1.25,0.053,0,3.41E-06,0,0,0,1,0
100,1015,0.000118,0.0247,0.000459,0.00954,0.0738,0.896,0.755,0,2.09E-07,0,0,0,1,0
101,1016,2.61E-05,0.0874,0.0075,0.0836,0.0315,0.748,0.623,0,1.04E-07,0,0,0,1,0
102,1017,0.000297,0.0703,0.00656,0.0862,0.083,1.12,0.057,0,2.74E-06,0,0,0,1,0
103,1018,0.000358,0.0818,0.00514,0.0604,0.0628,0.782,0.816,0.287,1.93E-20,3.88E-05,0,0,1,1
104,1019,7.57E-05,0.0917,0.00613,0.0622,0.0588,1.46,0,0,0,0,0,0,0,0
105,1020,2.81E-05,0.08,0.00641,0.0932,0.0782,1.4,0,0,0,0,0,0,0,0
106,1021,0.000151,0.0905,0.00445,0.0418,0.0608,1.12,0.693,0,5.45E-08,0,0,0,1,0
107,1022,0.000304,0.0932,0.00352,0.00434,0.0568,0.905,0.738,0.258,1.62E-08,3.69E-05,0,0,1,1
108,1023,2.47E-05,0.0676,0.00948,0.0867,0.0332,1.17,0.049,0,9.01E-07,0,0,0,1,0
109,1024,3.11E-05,0.077,0.00302,0.0113,0.0927,1.17,0,0,0,0,0,0,0,0
110,50,0.000156,0.0651,0.00188,0.0739,0.056,1.47,0.824,0.258,2.64E-26,3.86E-05,0,0,1,1
111,51,2.83E-05,0.0294,0.00394,0.0887,0.0947,1.07,0,0,0,0,0,0,0,0
112,52,9.25E-05,0.0289,0.00833,0.0717,0.0403,0.815,0.689,0,1.46E-12,0,0,0,1,0
113,53,0.000212,0.0172,0.00751,0.0938,0.077,1.34,0,0,0,0,0,0,0,0
114,54,0.000337,0.0165,0.00156,0.0901,0.044,1.5,0.931,0.386,6.31E-53,6.05E-06,0,0,1,1
115,55,0.000246,0.0802,0.00022,0.0522,0.0876,1.44,0.857,0.574,3.10E-16,2.72E-05,0,0,1,1
116,56,0.00036,0.0541,0.00286,0.0802,0.0414,0.829,0.894,0.394,6.18E-35,7.25E-06,0,0,1,1
117,57,5.63E-05,0.0151,0.00832,0.0172,0.0327,0.56,0.644,0,7.80E-09,0,0,0,1,0
118,58,0.000148,0.049,0.00684,0.00946,0.0988,0.9,0,0,0,0,0,0,0,0
119,59,7.12E-05,0.0207,0.00499,0.0675,0.09,0.54,0,0,0,0,0,0,0,0
120,60,0.000177,0.0371,0.00992,0.0122,0.0643,0.649,0.09,0,7.04E-07,0,0,0,1,0
121,61,0.000338,0.0583,0.00876,0.0764,0.0312,0.771,0.796,0.324,4.36E-21,8.66E-06,0,0,1,1
122,62,0.000248,0.0467,0.00401,0.0293,0.0407,1.1,0.792,0.275,3.18E-16,2.09E-05,0,0,1,1
123,63,6.08E-05,0.0158,0.00873,0.0909,0.0865,0.871,0,0,0,0,0,0,0,0
124,64,0.000322,0.038,0.00917,0.0384,0.0383,1.25,0.763,0.275,7.52E-14,2.48E-05,0,0,1,1
125,65,0.000157,0.0328,0.00121,0.0793,0.0504,0.602,0.853,0.275,4.82E-38,2.91E-05,0,0,1,1
126,66,9.39E-05,0.0622,0.00464,0.0842,0.0948,1.21,0,0,0,0,0,0,0,0
127,67,0.000175,0.0787,0.00745,0.0228,0.0812,1.32,0.029,0,3.40E-06,0,0,0,1,0
128,68,0.000344,0.0701,0.00645,0.0198,0.0868,0.675,0.107,0,6.07E-07,0,0,0,1,0
129,69,0.00018,0.0283,0.00463,0.0958,0.0664,0.833,0.066,0,8.94E-07,0,0,0,1,0
130,70,0.000121,0.0895,0.0071,0.0241,0.0502,1.12,0.652,0,5.71E-08,0,0,0,1,0
131,71,0.000279,0.0526,0.00485,0.0378,0.0728,1.06,0.71,0,3.06E-08,0,0,0,1,0
132,72,0.000301,0.0375,0.0089,0.0097,0.083,1.3,0.07,0,1.22E-06,0,0,0,1,0
133,73,0.000294,0.0249,0.00768,0.092,0.0655,1.01,0.73,0,7.19E-09,0,0,0,1,0
134,74,0.000293,0.0545,0.00568,0.0974,0.0475,1.06,0.816,0.291,2.31E-28,2.97E-05,0,0,1,1
135,650,0.000253,0.0521,0.00908,0.0931,0.0584,1.25,0.718,0,1.05E-09,0,0,0,1,0
136,651,0.000289,0.0103,0.000302,0.00343,0.0928,1.35,0.939,0,3.21E-11,0,0,0,1,0
137,652,8.71E-05,0.0812,0.00213,0.0442,0.0793,1.21,0,0,0,0,0,0,0,0
138,653,0.000105,0.0613,0.0058,0.0814,0.0562,0.525,0.07,0,1.07E-06,0,0,0,1,0
139,654,6.28E-05,0.0293,0.00242,0.0769,0.0858,0.841,0,0,0,0,0,0,0,0
140,655,0.000161,0.0607,0.00411,0.0749,0.0492,0.627,0.779,0.144,6.27E-21,4.60E-05,0,0,1,1
141,656,0.000198,0.0891,0.00237,0.0603,0.0951,0.574,0,0,0,0,0,0,0,0
142,657,0.000341,0.0739,0.00998,0.0536,0.0765,1.23,0.127,0,5.10E-07,0,0,0,1,0
143,658,0.00028,0.0878,0.00316,0.00995,0.0982,1.39,0.041,0,3.70E-06,0,0,0,1,0
144,659,0.000169,0.0848,0.00189,0.0404,0.0893,0.663,0,0,0,0,0,0,0,0
145,660,0.000108,0.0544,0.004,0.0467,0.0503,1.19,0.669,0,1.56E-08,0,0,0,1,0
146,661,0.000131,0.0589,0.00174,0.00112,0.0593,0.971,0.345,0,1.69E-06,0,0,0,1,0
147,662,5.38E-05,0.0448,0.00531,0.00203,0.0659,1.36,0,0,0,0,0,0,0,0
148,663,7.79E-05,0.0704,0.00486,0.039,0.0454,1.21,0.669,0,3.70E-09,0,0,0,1,0
149,664,0.000159,0.022,0.00649,0.027,0.0725,0.565,0.062,0,3.22E-07,0,0,0,1,0
150,665,0.000315,0.0553,0.00475,0.0768,0.0401,1.36,0.833,0.353,7.97E-27,1.38E-05,0,0,1,1
151,666,0.000126,0.0347,0.000376,0.0883,0.0635,1.46,0.87,0.316,1.02E-56,3.43E-05,0,0,1,1
152,667,0.000249,0.0167,0.00851,0.0995,0.0379,0.851,0.771,0.234,6.91E-23,3.12E-05,0,0,1,1
153,668,0.000198,0.0351,0.00846,0.0806,0.0822,0.65,0,0,0,0,0,0,0,0
154,669,0.000231,0.0276,0.00511,0.0676,0.0795,1.48,0,0,0,0,0,0,0,0
155,670,0.000152,0.0507,0.00123,0.0496,0.0662,1.46,0.734,0,1.67E-08,0,0,0,1,0
156,671,0.000134,0.0312,0.00163,0.0638,0.0449,0.89,0.82,0.23,6.41E-31,3.14E-05,0,0,1,1
157,672,0.000315,0.0282,0.00298,0.0881,0.0597,0.759,0.882,0.308,8.05E-32,3.28E-05,0,0,1,1
158,673,0.000126,0.0499,0.00804,0.0365,0.0843,0.825,0,0,0,0,0,0,0,0
159,674,0.000249,0.0146,0.0014,0.0774,0.0506,0.79,0.886,0.324,2.75E-48,1.85E-05,0,0,1,1
160,150,0.000267,0.0664,0.0065,0.0457,0.0588,1.15,0.714,0,2.63E-11,0,0,0,1,0
161,151,0.000154,0.0616,0.00245,0.00665,0.0575,0.604,0.726,0,5.34E-10,0,0,0,1,0
162,152,2.53E-05,0.067,0.00688,0.0972,0.0418,0.515,0,0,0,0,0,0,0,0
163,153,0.000316,0.0927,0.00343,0.063,0.092,0.638,0.062,0,3.69E-06,0,0,0,1,0
164,154,0.000263,0.0886,0.00585,0.0128,0.0377,1.19,0.742,0.275,1.93E-10,2.09E-05,0,0,1,1
165,155,0.000295,0.0547,0.00734,0.0307,0.0624,0.503,0.726,0,7.04E-11,0,0,0,1,0
166,156,0.000346,0.0807,0.000921,0.00154,0.089,0.619,0.8,0,1.22E-07,0,0,0,1,0
167,157,4.63E-05,0.0406,0.002,0.098,0.0295,1.21,0.734,0.127,3.84E-36,3.85E-05,0,0,1,1
168,158,0.000129,0.0355,0.00435,0.0559,0.0578,0.736,0.673,0,4.49E-08,0,0,0,1,0
169,159,0.000285,0.011,0.00995,0.1,0.0992,1.18,0,0,0,0,0,0,0,0
170,160,0.00029,0.0709,0.00304,0.0339,0.073,0.641,0.681,0,8.07E-08,0,0.016,3.18E-06,2,0
171,161,0.000259,0.0563,0.00956,0.055,0.0416,1.45,0.751,0.217,5.11E-14,3.77E-05,0,0,1,1
172,162,0.000351,0.0655,0.000475,0.0703,0.0779,1.25,0.997,0.615,6.14E-42,1.79E-05,0,0,1,1
173,163,0.000348,0.0662,0.000327,0.0915,0.0342,1.35,0.447,0.484,2.66E-10,9.88E-08,0.365,3.90E-10,3,1
174,164,7.43E-05,0.052,0.00235,0.0597,0.0955,0.844,0,0,0,0,0,0,0,0
175,165,0.000146,0.0569,0.00364,0.0568,0.0437,1.3,0.779,0.197,9.76E-22,3.92E-05,0,0,1,1
176,166,0.000215,0.0107,0.00373,0.00558,0.0673,1.26,0.098,0,2.20E-07,0,0,0,1,0
177,167,0.000173,0.0697,0.00712,0.0469,0.0277,0.533,0.742,0.234,9.62E-16,1.59E-05,0,0,1,1
178,168,9.64E-05,0.0229,0.00171,0.0377,0.08,1,0,0,0,0,0,0,0,0
179,169,0.000231,0.0352,0.00416,0.0109,0.0998,1.08,0,0,0,0,0,0,0,0
180,170,0.000252,0.0512,0.000525,0.0841,0.0433,1.35,0.562,0.39,9.58E-10,3.26E-06,0.324,4.27E-09,2,1
181,171,9.30E-05,0.0212,0.00274,0.0641,0.0718,0.81,0,0,0,0,0,0,0,0
182,172,5.27E-05,0.0756,0.00817,0.0185,0.0322,1.23,0.644,0,3.14E-08,0,0,0,1,0
183,173,0.000302,0.0589,0.00675,0.0737,0.0583,0.928,0.697,0,4.67E-09,0,0,0,1,0
184,174,4.09E-05,0.0268,0.00637,0.0338,0.0891,1.29,0,0,0,0,0,0,0,0
185,975,0.000321,0.0337,0.00373,0.0889,0.0748,0.53,0.763,0,1.15E-08,0,0,0,1,0
186,976,0.000198,0.0711,0.0038,0.0945,0.0911,0.719,0,0,0,0,0,0,0,0
187,977,0.000238,0.0366,0.00326,0.0496,0.094,0.894,0,0,0,0,0,0,0,0
188,978,0.000279,0.0115,0.00488,0.0274,0.0652,0.905,0.738,0,5.21E-13,0,0,0,1,0
189,979,0.00032,0.0136,0.00319,0.0458,0.0692,0.789,0.755,0,5.24E-17,0,0,0,1,0
190,980,0.000114,0.0267,0.00634,0.018,0.0858,1.46,0,0,0,0,0,0,0,0
191,981,0.000342,0.0595,0.00482,0.0184,0.0766,0.706,0.693,0,6.18E-08,0,0,0,1,0
192,982,0.000302,0.0452,0.00388,0.0817,0.0705,0.525,0.714,0,7.67E-09,0,0,0,1,0
193,983,0.000248,0.0577,0.00456,0.00187,0.0989,1.26,0,0,0,0,0,0,0,0
194,984,0.000345,0.0571,0.00112,0.0371,0.0853,1.21,0.82,0.238,2.81E-09,4.30E-05,0,0,1,1
195,985,0.000281,0.0356,0.00471,0.0289,0.0587,0.918,0.73,0.016,3.11E-13,4.81E-05,0,0,1,1
196,986,0.00035,0.0348,0.000962,0.0761,0.0343,1.45,0.504,0.435,9.89E-10,3.93E-07,0.349,9.41E-10,2,1
197,987,9.44E-05,0.0367,0.00405,0.0415,0.0845,0.615,0,0,0,0,0,0,0,0
198,988,0.000166,0.0369,0.00841,0.083,0.0255,1.11,0.742,0.23,1.49E-19,1.46E-05,0,0,1,1
199,989,0.000216,0.0116,0.00745,0.00368,0.0254,1.25,0.439,0.262,2.44E-09,7.00E-06,0,0,1,1
200,990,8.41E-05,0.0944,0.00417,0.00566,0.0432,0.966,0.595,0,4.23E-07,0,0,0,1,0
201,991,0.000232,0.0416,0.00211,0.0324,0.079,0.709,0.718,0,8.76E-08,0,0,0,1,0
202,992,0.000123,0.0176,0.00644,0.0678,0.0763,0.945,0,0,0,0,0,0,0,0
203,993,0.000265,0.0194,0.00406,0.0399,0.0627,1.33,0.705,0,4.87E-13,0,0,0,1,0
204,994,0.000235,0.0993,0.00679,0.064,0.0697,1.44,0.673,0,2.74E-07,0,0,0,1,0
205,995,0.000344,0.0337,0.00912,0.0383,0.0743,0.629,0.135,0,1.84E-07,0,0,0,1,0
206,996,0.000136,0.0102,0.00739,0.0427,0.087,0.722,0,0,0,0,0,0,0,0
207,997,0.000201,0.04,0.000896,0.0863,0.0667,1,0.911,0.353,1.64E-37,3.47E-05,0,0,1,1
208,998,0.000334,0.0789,0.00197,0.0544,0.0675,0.75,0.923,0.373,2.49E-22,3.15E-05,0,0,1,1
209,999,0.000257,0.0135,0.000154,0.0553,0.0877,0.86,1.05,0.357,5.86E-64,3.91E-05,0,0,1,1
210,750,0.000255,0.0495,0.00528,0.00261,0.0284,0.57,0.496,0.295,5.61E-09,4.84E-06,0,0,1,1
211,751,0.000138,0.07,0.00279,0.0233,0.05,1.34,0.722,0,6.97E-12,0,0,0,1,0
212,752,8.01E-05,0.016,0.00148,0.0771,0.0307,0.526,0.767,0.193,1.67E-42,1.92E-05,0,0,1,1
213,753,0.000266,0.0919,0.00544,0.0156,0.0893,0.776,0.078,0,1.74E-06,0,0,0,1,0
214,754,0.000212,0.0544,0.000913,0.0647,0.0274,0.594,0.476,0.345,1.77E-09,2.64E-07,0.324,1.32E-09,2,1
215,755,0.00016,0.0868,0.00215,0.0964,0.0744,1.43,0.685,0,2.22E-06,0,0,0,1,0
216,756,0.000273,0.0259,0.00424,0.0898,0.0337,1.07,0.82,0.312,1.45E-30,8.17E-06,0,0,1,1
217,757,0.00014,0.0796,0.00731,0.075,0.0404,0.935,0.734,0.103,4.03E-17,4.72E-05,0,0,1,1
218,758,0.000177,0.0587,0.00861,0.034,0.095,1.32,0,0,0,0,0,0,0,0
219,759,6.59E-05,0.0682,0.00593,0.0115,0.0362,0.581,0.656,0,3.76E-08,0,0,0,1,0
220,760,0.000107,0.0991,0.000129,0.0808,0.0665,0.801,0.824,0.496,5.88E-09,3.08E-05,0.021,3.01E-06,2,1
221,761,0.000298,0.0497,0.00863,0.00805,0.0602,0.684,0.365,0,1.79E-07,0,0,0,1,0
222,762,0.000226,0.0637,0.00312,0.0064,0.0979,1.15,0,0,0,0,0,0,0,0
223,763,0.000204,0.0548,0.00564,0.0675,0.04,0.879,0.783,0.234,1.32E-21,3.13E-05,0,0,1,1
224,764,0.00016,0.0981,0.00953,0.0578,0.0437,0.755,0.714,0,1.77E-10,0,0,0,1,0
225,765,0.000275,0.0178,0.00866,0.0776,0.0826,1.22,0,0,0,0,0,0,0,0
226,766,0.000322,0.0617,0.0078,0.0599,0.0638,1.11,0.746,0,3.28E-08,0,0,0,1,0
227,767,6.45E-05,0.055,0.00788,0.01,0.0892,0.505,0,0,0,0,0,0,0,0
228,768,0.00018,0.0949,0.00875,0.06,0.0812,0.654,0,0,0,0,0,0,0,0
229,769,0.000327,0.0474,0.00962,0.0487,0.0687,1.02,0.693,0,1.65E-08,0,0,0,1,0
230,770,0.000314,0.0209,0.0021,0.0728,0.0866,0.7,0.808,0,9.10E-08,0,0,0,1,0
231,771,0.000337,0.0734,0.00128,0.0564,0.0388,1.35,0.558,0.418,5.81E-09,2.11E-06,0.34,6.55E-09,2,1
232,772,0.000244,0.0214,0.0083,0.0424,0.0746,0.657,0.086,0,2.16E-07,0,0,0,1,0
233,773,0.000191,0.0373,0.00114,0.0281,0.0291,0.856,0.476,0.312,6.18E-09,1.07E-06,0.238,5.91E-09,2,1
234,774,0.000273,0.0483,0.00261,0.0253,0.0991,1.18,0.025,0,2.09E-06,0,0,0,1,0
235,100,0.000182,0.0266,0.00538,0.0608,0.0788,0.611,0,0,0,0,0,0,0,0
236,101,0.000103,0.0451,0.00901,0.0991,0.0571,0.636,0.041,0,1.82E-06,0,0,0,1,0
237,102,0.000126,0.0637,0.00477,0.0659,0.0832,0.902,0,0,0,0,0,0,0,0
238,103,0.000154,0.0109,0.00666,0.0304,0.0479,0.644,0.705,0,8.53E-12,0,0,0,1,0
239,104,0.000252,0.0823,0.00653,0.0022,0.0405,0.546,0.619,0.242,2.05E-07,2.97E-05,0,0,1,1
240,105,2.55E-05,0.0896,0.00505,0.0784,0.0327,1.32,0.636,0,1.35E-07,0,0,0,1,0
241,106,0.000135,0.0786,0.00393,0.0895,0.0923,1.14,0,0,0,0,0,0,0,0
242,107,0.000124,0.0709,0.00936,0.0651,0.0655,1.41,0.012,0,3.47E-06,0,0,0,1,0
243,108,0.00022,0.0529,0.00196,0.0088,0.0652,1.32,0.767,0,7.45E-12,0,0,0,1,0
244,109,0.000223,0.053,0.00963,0.0873,0.032,1.19,0.759,0.246,2.41E-18,2.36E-05,0,0,1,1
245,110,0.000325,0.0631,0.00598,0.0255,0.0321,0.521,0.787,0.324,1.59E-14,6.71E-06,0,0,1,1
246,111,0.000105,0.0127,0.00684,0.0276,0.0535,1.04,0.078,0,8.20E-08,0,0,0,1,0
247,112,0.000144,0.044,0.00113,0.0807,0.0576,1.15,0.861,0.267,2.29E-30,3.85E-05,0,0,1,1
248,113,5.07E-05,0.0803,0.0056,0.0571,0.0402,0.795,0.652,0,3.11E-08,0,0,0,1,0
249,114,8.46E-05,0.015,0.00285,0.0643,0.0512,0.712,0.71,0,2.11E-11,0,0,0,1,0
250,115,0.000185,0.034,0.00156,0.0857,0.0469,1.25,0.857,0.295,3.32E-45,2.18E-05,0,0,1,1
251,116,0.000351,0.0217,0.00415,0.0812,0.0903,0.6,0,0,0,0,0,0,0,0
252,117,0.000148,0.0459,0.00451,0.0788,0.0426,0.976,0.775,0.18,1.44E-24,4.09E-05,0,0,1,1
253,118,0.00029,0.0914,0.0092,0.0619,0.0828,0.53,0.082,0,1.40E-06,0,0,0,1,0
254,119,0.00021,0.0349,0.00249,0.0217,0.0525,1.23,0.8,0.234,1.96E-14,3.71E-05,0,0,1,1
255,120,0.000278,0.0982,0.0054,0.0973,0.0514,0.723,0.837,0.328,4.19E-27,3.07E-05,0,0,1,1
256,121,0.000159,0.0155,0.00628,0.0387,0.0361,0.504,0.734,0.18,1.11E-14,3.77E-05,0,0,1,1
257,122,6.92E-05,0.045,0.00207,0.0434,0.098,0.76,0,0,0,0,0,0,0,0
258,123,0.000102,0.0535,0.00295,0.0416,0.088,0.596,0,0,0,0,0,0,0,0
259,124,0.000261,0.0269,0.00164,0.0741,0.0678,1.31,0.87,0.287,3.54E-29,3.95E-05,0,0,1,1
260,25,0.000126,0.0492,0.00776,0.0505,0.0387,0.996,0.714,0,5.74E-13,0,0,0,1,0
261,26,0.000269,0.0602,0.0011,0.0382,0.0734,1.05,0.804,0.316,1.90E-14,3.92E-05,0.025,1.75E-06,2,1
262,27,0.000128,0.0346,0.00826,0.075,0.0413,0.524,0.718,0,5.30E-15,0,0,0,1,0
263,28,0.000145,0.0753,0.000739,0.00896,0.0839,0.806,0.049,0,3.07E-06,0,0,0,1,0
264,29,7.40E-05,0.0253,0.00699,0.0321,0.0487,0.903,0.066,0,1.59E-07,0,0,0,1,0
265,30,5.89E-05,0.0626,0.00801,0.0448,0.0523,0.647,0.041,0,1.79E-06,0,0,0,1,0
266,31,6.73E-05,0.0867,0.00175,0.0688,0.0787,0.861,0,0,0,0,0,0,0,0
267,32,0.000348,0.0901,0.00122,0.0036,0.0259,1.16,0.615,0.455,4.64E-10,2.04E-08,0,0,1,1
268,33,0.000278,0.0561,0.00193,0.0517,0.0803,0.915,0.874,0,9.08E-08,0,0,0,1,0
269,34,9.50E-05,0.0187,0.0052,0.0359,0.072,0.696,0,0,0,0,0,0,0,0
270,35,3.84E-05,0.0364,0.00133,0.0557,0.0552,0.984,0,0,0,0,0,0,0,0
271,36,3.42E-05,0.0761,0.00588,0.0147,0.051,0.889,0,0,0,0,0,0,0,0
272,37,0.000351,0.0565,0.00571,0.0821,0.0528,1.26,0.824,0.316,3.13E-26,3.03E-05,0,0,1,1
273,38,0.000292,0.088,0.00592,0.00715,0.0562,0.92,0.701,0.131,2.23E-08,4.69E-05,0,0,1,1
274,39,0.000104,0.0145,0.00682,0.0364,0.0943,0.796,0,0,0,0,0,0,0,0
275,40,0.000218,0.0283,0.000558,0.0232,0.0462,0.69,0.87,0.324,8.50E-21,7.98E-06,0,0,1,1
276,41,0.000141,0.046,0.00643,0.018,0.0967,1.35,0,0,0,0,0,0,0,0
277,42,0.000172,0.0605,0.00617,0.0837,0.0311,1.28,0.767,0.238,7.96E-22,2.07E-05,0,0,1,1
278,43,0.00031,0.0289,0.00135,0.0189,0.041,1.28,0.857,0.361,1.38E-16,4.46E-06,0,0,1,1
279,44,0.000329,0.0976,0.00797,0.0491,0.0767,0.952,0.669,0,2.17E-07,0,0,0,1,0
280,45,0.000122,0.0188,0.00934,0.0596,0.0618,0.791,0.045,0,6.24E-07,0,0,0,1,0
281,46,0.000148,0.058,0.00857,0.0679,0.0541,1.27,0.669,0,3.05E-08,0,0,0,1,0
282,47,7.99E-05,0.0793,0.0042,0.0796,0.079,0.61,0,0,0,0,0,0,0,0
283,48,0.00023,0.0898,0.0044,0.0133,0.0273,1.02,0.66,0.287,8.70E-12,3.65E-06,0,0,1,1
284,49,0.000349,0.07,0.00977,0.0215,0.0881,0.545,0.098,0,7.02E-07,0,0,0,1,0
285,625,0.000226,0.0712,0.00955,0.0701,0.0995,1.32,0,0,0,0,0,0,0,0
286,626,0.00032,0.0967,0.00766,0.0584,0.075,1.26,0.685,0,1.92E-07,0,0,0,1,0
287,627,0.000131,0.0902,0.00988,0.0468,0.0716,1,0.021,0,4.19E-06,0,0,0,1,0
288,628,0.000227,0.0219,0.00151,0.0684,0.0508,1.29,0.878,0.308,5.37E-39,2.20E-05,0,0,1,1
289,629,0.000139,0.0899,0.00031,0.00937,0.0971,0.637,0,0,0,0,0,0,0,0
290,630,0.000331,0.0428,0.00576,0.0613,0.0919,1.43,0,0,0,0,0,0,0,0
291,631,0.000188,0.0889,0.00264,0.0392,0.0395,1.41,0.808,0.271,2.19E-20,1.90E-05,0,0,1,1
292,632,8.49E-05,0.0341,0.00738,0.0511,0.0908,1.42,0,0,0,0,0,0,0,0
293,633,0.000271,0.049,0.00526,0.0601,0.0445,0.554,0.804,0.271,1.01E-21,2.90E-05,0,0,1,1
294,634,0.000214,0.0572,0.00616,0.0829,0.0399,0.967,0.788,0.242,1.58E-23,3.09E-05,0,0,1,1
295,635,0.000269,0.0777,0.00985,0.0368,0.0805,1.34,0.078,0,1.02E-06,0,0,0,1,0
296,636,0.00024,0.0916,0.00673,0.0892,0.0353,0.549,0.792,0.283,4.00E-24,1.96E-05,0,0,1,1
297,637,3.14E-05,0.0755,0.000508,0.0655,0.043,0.941,0.734,0,2.63E-08,0,0,0,1,0
298,638,0.000316,0.0457,0.00481,0.094,0.0417,0.753,0.849,0.34,1.89E-33,1.63E-05,0,0,1,1
299,639,0.000238,0.0593,0.00115,0.0161,0.0297,1.15,0.427,0.34,7.99E-09,5.82E-07,0.246,8.27E-09,2,1
300,640,0.000103,0.0403,0.00455,0.0344,0.0954,1.41,0,0,0,0,0,0,0,0
301,641,0.000348,0.0133,0.00425,0.0939,0.0811,0.532,0.738,0,4.33E-08,0,0,0,1,0
302,642,0.00027,0.0937,0.000929,0.0943,0.0952,0.897,0.89,0.283,6.98E-07,3.94E-05,0,0,1,1
303,643,0.000237,0.0571,0.00325,0.0444,0.0593,1.44,0.705,0.176,5.93E-12,4.46E-05,0,0,1,1
304,644,7.37E-05,0.0862,0.00976,0.0329,0.0789,0.67,0,0,0,0,0,0,0,0
305,645,8.74E-05,0.0955,0.00155,0.0816,0.0546,1.5,0.796,0,8.04E-08,0,0,0,1,0
306,646,5.02E-05,0.0919,0.0082,0.0657,0.0298,0.51,0.673,0,2.10E-11,0,0,0,1,0
307,647,0.000125,0.0286,0.00219,0.0491,0.0378,1.32,0.779,0.213,6.90E-25,2.68E-05,0,0,1,1
308,648,0.000295,0.0817,0.00784,0.0436,0.0476,0.542,0.771,0.226,6.60E-15,3.92E-05,0,0,1,1
309,649,0.000144,0.0904,0.00725,0.0767,0.0597,1.19,0.632,0,4.92E-07,0,0,0,1,0
310,700,0.000327,0.0412,0.00491,0.0353,0.0331,1.3,0.8,0.336,4.46E-17,5.79E-06,0,0,1,1
311,701,0.000352,0.0983,0.00444,0.0937,0.0282,1.05,0.558,0.406,3.66E-09,1.03E-06,0.291,4.02E-09,2,1
312,702,0.000333,0.0533,0.00418,0.0484,0.0868,1.41,0.078,0,8.45E-07,0,0,0,1,0
313,703,4.29E-05,0.0811,0.00576,0.0742,0.0882,0.84,0,0,0,0,0,0,0,0
314,704,0.000151,0.0295,0.00508,0.0516,0.0507,0.988,0.738,0,2.70E-16,0,0,0,1,0
315,705,0.000273,0.094,0.00227,0.0759,0.0345,1.28,0.865,0.369,1.17E-09,3.54E-06,0,0,1,1
316,706,0.00024,0.0154,0.00807,0.0434,0.0317,0.911,0.751,0.254,1.43E-15,1.84E-05,0,0,1,1
317,707,0.000313,0.035,0.00892,0.0947,0.0815,1.05,0.029,0,1.67E-06,0,0,0,1,0
318,708,0.000219,0.0611,0.00144,0.0924,0.0459,1.43,0.882,0.365,6.08E-50,1.31E-05,0,0,1,1
319,709,0.000102,0.0392,0.00868,0.045,0.0266,0.591,0.701,0.152,2.13E-12,3.68E-05,0,0,1,1
320,710,0.000354,0.0908,0.00153,0.0114,0.0658,0.695,0.886,0.349,1.24E-11,2.86E-05,0,0,1,1
321,711,0.000245,0.0156,0.00984,0.0166,0.0722,1.21,0.09,0,2.15E-07,0,0,0,1,0
322,712,0.000171,0.0952,0.00209,0.0308,0.0907,1.15,0,0,0,0,0,0,0,0
323,713,0.000224,0.0673,0.00247,0.0178,0.0468,1.2,0.8,0.271,4.30E-14,2.53E-05,0,0,1,1
324,714,0.000277,0.0969,0.0027,0.0975,0.0474,1.23,0.878,0.414,1.48E-42,1.55E-05,0,0,1,1
325,715,0.000183,0.0197,0.000137,0.067,0.0518,1.14,0.012,0.332,2.09E-06,7.56E-06,0.107,7.85E-07,3,1
326,716,0.00034,0.0884,0.00622,0.0714,0.0303,0.589,0.824,0.349,4.05E-20,4.03E-06,0,0,1,1
327,717,0.00013,0.0258,0.00236,0.076,0.0554,1.29,0.751,0,3.30E-14,0,0,0,1,0
328,718,0.000229,0.043,0.00484,0.0449,0.0656,0.813,0.726,0,3.96E-08,0,0,0,1,0
329,719,0.000288,0.0231,0.00543,0.0894,0.0645,0.555,0.701,0,3.38E-10,0,0,0,1,0
330,720,0.000254,0.0687,0.0017,0.0243,0.0942,1.11,0.057,0,1.93E-06,0,0,0,1,0
331,721,0.000221,0.0532,0.00331,0.0859,0.0493,1.07,0.829,0.287,1.77E-31,3.02E-05,0,0,1,1
332,722,0.000259,0.0552,0.00166,0.0327,0.0352,0.73,0.845,0.34,1.18E-13,3.23E-06,0,0,1,1
333,723,0.000147,0.0193,0.00894,0.0363,0.0481,1.44,0.669,0,2.95E-10,0,0,0,1,0
334,724,0.000285,0.0363,0.00562,0.0791,0.0729,1.31,0.71,0,6.23E-08,0,0,0,1,0
335,1050,0.000297,0.0145,0.00472,0.0239,0.0841,1.01,0.086,0,1.52E-07,0,0,0,1,0
336,1051,0.000355,0.0438,0.00312,0.0986,0.0917,1.11,0,0,0,0,0,0,0,0
337,1052,0.000355,0.0496,0.0092,0.068,0.0272,0.59,0.8,0.336,4.53E-18,3.74E-06,0,0,1,1
338,1053,0.000122,0.0117,0.00972,0.0155,0.0277,0.938,0.677,0.16,5.97E-10,3.72E-05,0,0,1,1
339,1054,8.63E-05,0.0482,0.00596,0.0687,0.0296,1.46,0.714,0.139,5.22E-17,4.09E-05,0,0,1,1
340,1055,0.000336,0.0665,0.00659,0.0443,0.0669,1.49,0.746,0,9.31E-08,0,0,0,1,0
341,1056,0.000205,0.057,0.00578,0.0521,0.0638,0.544,0.71,0,5.77E-09,0,0,0,1,0
342,1057,0.000237,0.0377,0.00552,0.0266,0.0842,1.04,0.062,0,6.76E-07,0,0,0,1,0
343,1058,0.000282,0.0476,0.00577,0.0267,0.0341,1.19,0.767,0.295,5.05E-14,1.24E-05,0,0,1,1
344,1059,0.000358,0.0397,0.00458,0.0507,0.0355,0.995,0.833,0.361,2.55E-21,6.20E-06,0,0,1,1
345,1060,8.18E-05,0.0838,0.00234,0.0031,0.0441,0.711,0.459,0,1.96E-07,0,0,0,1,0
346,1061,0.000117,0.0419,0.00136,0.00145,0.036,1.15,0.369,0.217,2.23E-08,1.87E-05,0,0,1,1
347,1062,7.34E-05,0.0992,0.00542,0.0743,0.0293,0.864,0.718,0.135,3.63E-18,4.11E-05,0,0,1,1
348,1063,6.61E-05,0.0913,0.00581,0.0716,0.0268,0.943,0.705,0.127,1.13E-16,4.07E-05,0,0,1,1
349,1064,0.000358,0.0956,0.00258,0.0325,0.0719,0.99,0.841,0.295,1.56E-13,4.02E-05,0,0,1,1
350,1065,0.000101,0.0619,0.000335,0.0278,0.0737,0.965,0.804,0,4.38E-07,0,0,0,1,0
351,1066,8.43E-05,0.0721,0.00208,0.0125,0.0837,1.38,0,0,0,0,0,0,0,0
352,1067,0.000178,0.0148,0.00632,0.0502,0.0666,1.16,0.07,0,1.86E-07,0,0,0,1,0
353,1068,0.000236,0.0137,0.00139,0.0903,0.0365,1.25,0.861,0.324,1.08E-50,4.46E-06,0,0,1,1
354,1069,3.09E-05,0.0679,0.00534,0.074,0.0348,0.96,0.632,0,1.03E-07,0,0,0,1,0
355,1070,7.51E-05,0.084,0.000855,0.0664,0.0927,1.36,0,0,0,0,0,0,0,0
356,1071,0.000214,0.0686,0.00599,0.00921,0.0582,1.32,0.652,0,1.88E-07,0,0,0,1,0
357,1072,0.000201,0.0853,0.00723,0.0312,0.0335,1,0.742,0.234,1.28E-12,2.50E-05,0,0,1,1
358,1073,0.000229,0.0436,0.00457,0.0755,0.0591,1.27,0.796,0,3.63E-14,0,0,0,1,0
359,1074,0.000275,0.0412,0.00141,0.00129,0.0739,0.567,0.669,0,1.26E-07,0,0,0,1,0
360,0,0.000239,0.0394,0.00104,0.0549,0.0974,0.838,0,0,0,0,0,0,0,0
361,1,0.000143,0.0912,0.00529,0.0803,0.0788,0.974,0,0,0,0,0,0,0,0
362,2,0.000335,0.0692,0.00169,0.0406,0.0757,1.39,0.771,0.316,7.01E-11,3.95E-05,0,0,1,1
363,3,0.000217,0.0613,0.00872,0.0555,0.067,0.767,0.103,0,3.98E-07,0,0,0,1,0
364,4,4.32E-05,0.0123,0.00835,0.0887,0.0275,0.953,0.669,0,6.57E-13,0,0,0,1,0
365,5,0.000283,0.0362,0.00692,0.0967,0.0886,1.24,0,0,0,0,0,0,0,0
366,6,0.000161,0.0926,0.00392,0.0921,0.0825,0.556,0,0,0,0,0,0,0,0
367,7,0.000255,0.054,0.00891,0.0251,0.0823,1.11,0.07,0,7.94E-07,0,0,0,1,0
368,8,0.000194,0.0788,0.00822,0.0537,0.0915,1.24,0,0,0,0,0,0,0,0
369,9,0.000219,0.0906,0.00962,0.082,0.0867,0.991,0,0,0,0,0,0,0,0
370,10,0.000343,0.048,0.00563,0.0246,0.0897,1.13,0.086,0,5.25E-07,0,0,0,1,0
371,11,4.26E-05,0.0776,0.00382,0.0963,0.0315,1.38,0.705,0,8.20E-20,0,0,0,1,0
372,12,0.000214,0.0554,0.00794,0.0397,0.0498,0.625,0.73,0,3.01E-12,0,0,0,1,0
373,13,0.00019,0.0964,0.000294,0.0508,0.0477,0.534,0.874,0.349,7.59E-09,6.95E-06,0,0,1,1
374,14,0.00021,0.0771,0.00708,0.0734,0.0889,0.537,0,0,0,0,0,0,0,0
375,15,0.000235,0.0688,0.00769,0.0389,0.0489,0.73,0.734,0.103,8.49E-13,4.76E-05,0,0,1,1
376,16,0.000305,0.0321,0.00976,0.00772,0.0776,0.954,0.094,0,9.13E-07,0,0,0,1,0
377,17,0.000263,0.0367,0.00654,0.00294,0.0263,0.848,0.476,0.299,4.30E-09,3.91E-06,0,0,1,1
378,18,9.92E-05,0.0434,0.00759,0.0237,0.0896,0.714,0,0,0,0,0,0,0,0
379,19,4.93E-05,0.0517,0.00431,0.0822,0.0289,0.678,0.705,0,1.38E-19,0,0,0,1,0
380,20,0.000356,0.0415,0.00232,0.0439,0.048,1.12,0.882,0.369,1.05E-26,1.24E-05,0,0,1,1
381,21,0.000125,0.0575,0.000517,0.0437,0.0378,0.895,0.82,0.262,3.39E-23,8.20E-06,0,0,1,1
382,22,0.000199,0.0775,0.0076,0.0055,0.0975,0.868,0,0,0,0,0,0,0,0
383,23,0.000137,0.091,0.00626,0.00211,0.0983,0.768,0,0,0,0,0,0,0,0
384,24,0.000326,0.0157,0.00118,0.0751,0.0275,0.595,0.021,0.451,1.18E-06,5.04E-08,0.521,1.53E-10,3,1
385,875,0.000242,0.0173,0.00318,0.0708,0.0922,1.2,0,0,0,0,0,0,0,0
386,876,0.000199,0.0358,0.00283,0.0288,0.07,1.44,0.656,0,9.24E-08,0,0,0,1,0
387,877,9.05E-05,0.0909,0.0081,0.0682,0.0299,0.666,0.71,0.119,7.05E-14,4.51E-05,0,0,1,1
388,878,2.69E-05,0.0562,0.00931,0.025,0.0425,1.47,0,0,0,0,0,0,0,0
389,879,3.62E-05,0.0316,0.00271,0.0923,0.0529,0.932,0,0,0,0,0,0,0,0
390,880,0.000136,0.0239,0.00472,0.0533,0.0643,1.01,0.057,0,4.88E-07,0,0,0,1,0
391,881,4.88E-05,0.0519,0.00618,0.0912,0.0288,1.22,0.693,0,9.20E-16,0,0,0,1,0
392,882,0.000299,0.0966,0.00101,0.00789,0.0317,1.49,0.66,0.386,8.69E-09,3.49E-07,0,0,1,1
393,883,4.85E-05,0.0649,0.00686,0.0444,0.094,0.926,0,0,0,0,0,0,0,0
394,884,0.000316,0.0425,0.00811,0.0825,0.0803,1.38,0.057,0,1.43E-06,0,0,0,1,0
395,885,5.83E-05,0.0454,0.00364,0.0473,0.0684,0.697,0,0,0,0,0,0,0,0
396,886,0.0002,0.0792,0.00813,0.0328,0.0849,1.22,0.016,0,3.79E-06,0,0,0,1,0
397,887,6.89E-05,0.0345,0.00755,0.0855,0.041,0.885,0.664,0,6.48E-10,0,0,0,1,0
398,888,5.33E-05,0.0132,0.00389,0.013,0.0583,0.704,0,0,0,0,0,0,0,0
399,889,0.00019,0.0574,0.00883,0.00335,0.0563,0.575,0.115,0,1.66E-06,0,0,0,1,0
400,890,0.000238,0.0918,0.00929,0.0373,0.0814,1.23,0.066,0,1.61E-06,0,0,0,1,0
401,891,0.000234,0.0784,0.00189,0.0186,0.0888,0.624,0.074,0,1.54E-06,0,0,0,1,0
402,892,2.97E-05,0.0256,0.0055,0.0269,0.0712,1.13,0,0,0,0,0,0,0,0
403,893,2.75E-05,0.0854,0.000393,0.0429,0.0854,0.766,0,0,0,0,0,0,0,0
404,894,7.48E-05,0.0671,0.00701,0.0665,0.0903,1.19,0,0,0,0,0,0,0,0
405,895,0.000191,0.055,0.00777,0.0548,0.0937,0.55,0,0,0,0,0,0,0,0
406,896,0.000267,0.0487,0.00735,0.0218,0.0574,1.27,0.71,0,3.93E-10,0,0,0,1,0
407,897,0.00023,0.0307,0.00173,0.00409,0.0742,1.21,0.669,0,5.21E-07,0,0,0,1,0
408,898,5.94E-05,0.0161,0.00546,0.0428,0.0665,1.03,0,0,0,0,0,0,0,0
409,899,0.000332,0.0707,0.00925,0.0628,0.0787,1.24,0.107,0,6.97E-07,0,0,0,1,0
410,125,8.85E-05,0.0478,0.00934,0.0331,0.0443,0.675,0.41,0,7.93E-08,0,0,0,1,0
411,126,0.000187,0.0874,0.00724,0.00104,0.085,0.55,0,0,0,0,0,0,0,0
412,127,4.71E-05,0.0279,0.00195,0.0797,0.0685,0.584,0,0,0,0,0,0,0,0
413,128,0.000179,0.0274,0.00561,0.0305,0.0821,0.825,0.029,0,1.12E-06,0,0,0,1,0
414,129,0.00012,0.0481,0.00661,0.0116,0.0832,1.14,0,0,0,0,0,0,0,0
415,130,0.00034,0.0841,0.00315,0.0934,0.0887,1.23,0.738,0,1.32E-06,0,0,0,1,0
416,131,0.000287,0.0581,0.00873,0.0702,0.0895,0.811,0,0,0,0,0,0,0,0
417,132,9.78E-05,0.0963,0.00306,0.0672,0.0271,0.855,0.751,0.205,3.89E-23,1.57E-05,0,0,1,1
418,133,0.000289,0.0582,0.00277,0.0997,0.0817,0.6,0.837,0,2.55E-07,0,0,0,1,0
419,134,4.04E-05,0.0715,0.00899,0.0163,0.0913,0.699,0,0,0,0,0,0,0,0
420,135,0.000138,0.0742,0.00444,0.0724,0.0706,0.865,0.029,0,3.43E-06,0,0,0,1,0
421,136,0.000239,0.0676,0.00129,0.0538,0.0253,1.34,0.431,0.365,1.18E-09,1.30E-07,0.365,1.29E-09,2,1
422,137,0.000219,0.0211,0.00884,0.0182,0.0613,0.884,0.123,0,1.11E-07,0,0,0,1,0
423,138,0.00035,0.0387,0.00703,0.0757,0.0482,1.34,0.804,0.271,6.13E-23,3.23E-05,0,0,1,1
424,139,0.000187,0.0892,0.00635,0.0547,0.0628,1.22,0.689,0,7.26E-08,0,0,0,1,0
425,140,4.82E-05,0.0985,0.00611,0.019,0.0357,0.552,0.644,0,6.58E-08,0,0,0,1,0
426,141,0.000173,0.026,0.00743,0.0684,0.0525,0.837,0.718,0,3.90E-14,0,0,0,1,0
427,142,0.000258,0.0333,0.00562,0.0849,0.0642,0.914,0.685,0,5.02E-08,0,0,0,1,0
428,143,0.000208,0.0785,0.00829,0.07,0.0742,1.3,0.057,0,2.38E-06,0,0,0,1,0
429,144,0.000323,0.0115,0.000352,0.0989,0.0563,1.05,1.009,0.406,3.21E-75,6.32E-06,0,0,1,1
430,145,0.000293,0.0957,0.008,0.0142,0.0852,0.852,0.09,0,1.66E-06,0,0,0,1,0
431,146,0.000139,0.0948,0.00824,0.0918,0.0695,1.37,0,0,0,0,0,0,0,0
432,147,0.000318,0.0334,0.000805,0.00888,0.069,1.16,0.898,0.357,2.92E-11,2.82E-05,0,0,1,1
433,148,3.37E-05,0.0439,0.00624,0.0893,0.0672,0.985,0,0,0,0,0,0,0,0
434,149,0.000334,0.0357,0.00717,0.0247,0.055,0.607,0.755,0.156,7.19E-12,4.63E-05,0,0,1,1
435,725,0.000143,0.0813,0.00239,0.00979,0.0294,1.13,0.574,0.238,4.41E-11,8.97E-06,0,0,1,1
436,726,0.000175,0.0649,0.00901,0.026,0.0594,0.949,0.115,0,2.92E-07,0,0,0,1,0
437,727,0.000152,0.0608,0.00232,0.0563,0.0373,1.33,0.804,0.25,8.45E-27,1.95E-05,0,0,1,1
438,728,0.000347,0.0162,0.00439,0.0369,0.0931,1.06,0.057,0,4.05E-07,0,0,0,1,0
439,729,0.000329,0.0281,0.00687,0.0599,0.0333,0.85,0.792,0.312,6.70E-21,9.83E-06,0,0,1,1
440,730,5.97E-05,0.0754,0.00764,0.0567,0.0611,0.758,0,0,0,0,0,0,0,0
441,731,0.00022,0.0596,0.00859,0.0359,0.0636,0.708,0.066,0,3.17E-06,0,0.127,1.82E-07,2,0
442,732,0.000107,0.0696,0.00925,0.00393,0.0542,1.47,0,0,0,0,0,0,0,0
443,733,0.000337,0.0873,0.00983,0.00962,0.054,0.578,0.689,0,2.93E-08,0,0,0,1,0
444,734,0.000202,0.0284,0.000946,0.0679,0.0775,0.621,0.816,0,2.32E-09,0,0,0,1,0
445,735,0.000142,0.0273,0.00565,0.0666,0.0917,0.793,0,0,0,0,0,0,0,0
446,736,0.000348,0.0815,0.00867,0.0854,0.0405,1.4,0.792,0.312,5.58E-21,2.26E-05,0,0,1,1
447,737,0.000213,0.0595,0.00728,0.0906,0.0491,1.37,0.714,0.107,4.70E-13,4.75E-05,0,0,1,1
448,738,6.98E-05,0.0769,0.00353,0.0492,0.0676,0.622,0,0,0,0,0,0,0,0
449,739,0.000336,0.0893,0.00378,0.0225,0.0304,0.863,0.824,0.365,5.23E-13,1.72E-06,0,0,1,1
450,740,0.000193,0.0247,0.00773,0.0211,0.0553,1.3,0.652,0,2.06E-08,0,0,0,1,0
451,741,0.000252,0.0712,0.00474,0.0463,0.0408,0.664,0.8,0.279,1.61E-19,2.26E-05,0,0,1,1
452,742,0.000135,0.039,0.00494,0.0411,0.0307,0.876,0.738,0.205,3.16E-16,2.47E-05,0,0,1,1
453,743,0.000163,0.0689,0.00555,0.0135,0.0565,1.24,0.644,0,1.58E-07,0,0,0,1,0
454,744,5.49E-05,0.089,0.00426,0.0422,0.049,0.842,0.057,0,8.09E-07,0,0,0,1,0
455,745,7.54E-05,0.0307,0.00288,0.0913,0.0362,0.735,0.751,0.119,2.96E-28,4.50E-05,0,0,1,1
456,746,3.65E-05,0.029,0.00199,0.0476,0.0252,1.05,0.701,0.115,2.42E-21,3.66E-05,0,0,1,1
457,747,0.000249,0.0288,0.00843,0.0345,0.0677,0.959,0.115,0,1.67E-07,0,0,0,1,0
458,748,0.000186,0.0822,0.00314,0.0242,0.042,0.698,0.783,0.246,7.01E-15,2.73E-05,0,0,1,1
459,749,0.000342,0.0663,0.00178,0.0718,0.0958,1.03,0.775,0,9.38E-07,0,0,0,1,0
460,600,5.24E-05,0.0557,0.005,0.036,0.0517,1.19,0.033,0,1.85E-06,0,0,0,1,0
461,601,0.000208,0.0166,0.00842,0.0504,0.0632,0.598,0.111,0,9.77E-08,0,0,0,1,0
462,602,0.000222,0.0391,0.000236,0.0333,0.0686,0.994,0.968,0.373,4.81E-20,2.33E-05,0,0,1,1
463,603,0.000296,0.0133,0.00265,0.0572,0.0354,1.02,0.837,0.34,1.60E-28,4.85E-06,0,0,1,1
464,604,0.000288,0.0973,0.0035,0.0962,0.0691,0.992,0.742,0.32,4.27E-09,3.99E-05,0,0,1,1
465,605,0.000281,0.0149,0.00517,0.0254,0.0267,0.577,0.796,0.32,2.59E-15,2.18E-06,0,0,1,1
466,606,8.83E-05,0.0139,0.00131,0.00475,0.0543,0.7,0.705,0,4.16E-09,0,0,0,1,0
467,607,0.00028,0.0343,0.00105,0.03,0.0885,0.687,0.722,0,2.36E-07,0,0.131,1.63E-07,2,0
468,608,0.000299,0.0716,0.00821,0.035,0.0862,1.4,0.07,0,1.22E-06,0,0,0,1,0
469,609,0.000159,0.0445,0.00765,0.0712,0.0522,0.781,0.714,0,4.04E-13,0,0,0,1,0
470,610,0.000302,0.075,0.00696,0.0942,0.0621,1.16,0.779,0,3.27E-08,0,0,0,1,0
471,611,0.000264,0.0698,0.000286,0.0452,0.0569,0.987,0.935,0.402,2.08E-18,8.22E-06,0,0,1,1
472,612,0.000264,0.0222,0.000847,0.0656,0.0732,0.908,0.956,0.324,8.49E-29,3.84E-05,0,0,1,1
473,613,0.000351,0.0743,0.00127,0.0994,0.0461,1.1,0.947,0.488,3.80E-25,4.47E-06,0,0,1,1
474,614,0.000285,0.0232,0.00255,0.0323,0.0822,1.4,0.086,0,2.40E-07,0,0,0,1,0
475,615,0.000281,0.0586,0.00415,0.0954,0.0997,1.43,0,0,0,0,0,0,0,0
476,616,0.000252,0.0112,0.00231,0.0686,0.0448,0.893,0.845,0.299,1.57E-36,1.82E-05,0,0,1,1
477,617,6.31E-05,0.0227,0.0023,0.0811,0.0888,1.12,0,0,0,0,0,0,0,0
478,618,6.03E-05,0.0509,0.00274,0.0574,0.0802,1.27,0,0,0,0,0,0,0,0
479,619,7.71E-05,0.0964,0.00434,0.058,0.064,0.617,0,0,0,0,0,0,0,0
480,620,9.86E-05,0.0781,0.00463,0.0184,0.091,0.665,0,0,0,0,0,0,0,0
481,621,4.37E-05,0.0223,0.00505,0.0388,0.052,1.43,0,0,0,0,0,0,0,0
482,622,0.000321,0.0214,0.00807,0.069,0.0572,1.02,0.767,0,5.10E-20,0,0,0,1,0
483,623,8.69E-05,0.0598,0.000104,0.0265,0.0463,0.877,0.254,0.258,1.62E-18,1.59E-05,0.525,1.37E-10,2,1
484,624,0.000171,0.0386,0.00567,0.0823,0.0961,0.717,0,0,0,0,0,0,0,0
485,800,0.000151,0.0475,0.00915,0.00756,0.0902,1.47,0,0,0,0,0,0,0,0
486,801,7.03E-05,0.0456,0.00532,0.00508,0.0444,1.14,0.07,0,1.32E-06,0,0,0,1,0
487,802,0.000234,0.0768,0.00595,0.0834,0.0929,0.828,0,0,0,0,0,0,0,0
488,803,0.0002,0.0994,0.00287,0.0639,0.0689,1.2,0.808,0,1.31E-07,0,0,0,1,0
489,804,0.000339,0.0564,0.00698,0.0433,0.0972,1.42,0,0,0,0,0,0,0,0
490,805,0.000236,0.0979,0.00869,0.0164,0.0693,0.535,0.115,0,7.46E-07,0,0,0,1,0
491,806,0.000172,0.0794,0.00406,0.0513,0.0508,1.45,0.722,0.156,1.01E-16,4.49E-05,0,0,1,1
492,807,0.000308,0.085,0.000319,0.0849,0.0782,1.1,0.906,0.619,4.63E-42,1.73E-05,0.016,2.17E-06,4,1
493,808,0.000307,0.0251,0.00361,0.0165,0.0872,0.774,0.09,0,2.65E-07,0,0,0,1,0
494,809,0.000104,0.0411,0.00741,0.0585,0.0857,1.02,0,0,0,0,0,0,0,0
495,810,3.45E-05,0.0131,0.00993,0.00418,0.0524,1.19,0,0,0,0,0,0,0,0
496,811,0.00033,0.0682,0.00149,0.0897,0.0403,0.593,0.923,0.435,1.66E-09,3.11E-06,0,0,1,1
497,812,7.73E-05,0.0748,0.00147,0.0992,0.0715,0.685,0,0,0,0,0,0,0,0
498,813,6.00E-05,0.0124,0.00206,0.0736,0.081,0.559,0,0,0,0,0,0,0,0
499,814,0.000316,0.0181,0.00733,0.0864,0.0535,1.38,0.792,0.168,1.48E-22,4.53E-05,0,0,1,1
500,815,0.000255,0.0714,0.00959,0.0778,0.0959,0.963,0,0,0,0,0,0,0,0
501,816,8.80E-05,0.0295,0.00601,0.00228,0.0853,0.91,0,0,0,0,0,0,0,0
502,817,0.000267,0.0636,0.0043,0.0616,0.0428,1.02,0.812,0.304,2.87E-24,2.14E-05,0,0,1,1
503,818,8.55E-05,0.0784,0.000814,0.00319,0.0256,1.4,0.39,0.213,4.56E-09,3.05E-06,0,0,1,1
504,819,8.21E-05,0.0253,0.00351,0.0326,0.0495,0.859,0.656,0,1.56E-08,0,0,0,1,0
505,820,0.000162,0.0529,0.00441,0.079,0.0268,0.989,0.775,0.25,6.80E-24,8.30E-06,0,0,1,1
506,821,2.64E-05,0.0597,0.00281,0.00269,0.0768,1,0,0,0,0,0,0,0,0
507,822,0.000253,0.0629,0.00874,0.0908,0.0292,1.31,0.771,0.283,5.56E-21,1.18E-05,0,0,1,1
508,823,0.000195,0.0374,0.00603,0.0754,0.0899,0.9,0,0,0,0,0,0,0,0
509,824,0.000239,0.0315,0.00566,0.0995,0.086,1.45,0,0,0,0,0,0,0,0
510,75,0.000341,0.018,0.00182,0.0966,0.064,0.527,0.927,0.345,9.37E-41,2.96E-05,0,0,1,1
511,76,5.69E-05,0.0877,0.00691,0.0991,0.0359,0.975,0.685,0,4.90E-14,0,0,0,1,0
512,77,0.000202,0.037,0.0088,0.0968,0.0517,0.56,0.722,0,1.55E-10,0,0,0,1,0
513,78,0.000129,0.0226,0.00623,0.0685,0.0558,1.44,0.078,0,2.00E-07,0,0,0,1,0
514,79,0.000319,0.0252,0.00741,0.051,0.0682,1.43,0.714,0,1.04E-09,0,0,0,1,0
515,80,0.000184,0.0193,0.00689,0.0143,0.025,0.751,0.689,0.242,1.62E-11,8.48E-06,0,0,1,1
516,81,0.000116,0.0478,0.00381,0.0291,0.0622,1.46,0.066,0,4.90E-07,0,0,0,1,0
517,82,0.000129,0.0824,0.00919,0.0885,0.0968,0.975,0,0,0,0,0,0,0,0
518,83,9.58E-05,0.0796,0.00326,0.0307,0.0727,0.857,0.012,0,3.87E-06,0,0,0,1,0
519,84,0.000325,0.0376,0.00055,0.0345,0.0994,0.513,0.984,0,3.11E-07,0,0,0,1,0
520,85,0.000149,0.0763,0.000434,0.0582,0.0864,1.29,0.759,0,2.21E-06,0,0,0,1,0
521,86,9.83E-05,0.0618,0.00721,0.0448,0.0336,0.763,0.705,0,2.10E-12,0,0,0,1,0
522,87,3.81E-05,0.0306,0.00493,0.041,0.036,0.878,0.632,0,1.13E-08,0,0,0,1,0
523,88,0.000257,0.0727,0.00357,0.0982,0.0407,1.41,0.853,0.357,1.25E-35,1.42E-05,0,0,1,1
524,89,3.73E-05,0.0328,0.00849,0.0926,0.0338,1.09,0.628,0,3.05E-08,0,0,0,1,0
525,90,0.000174,0.0819,0.0084,0.0497,0.0647,1.37,0.09,0,6.11E-07,0,0,0,1,0
526,91,7.45E-05,0.0174,0.00399,0.0114,0.0262,0.747,0.525,0.152,1.58E-10,2.97E-05,0,0,1,1
527,92,0.000232,0.0592,0.00296,0.0101,0.0967,1.23,0.025,0,2.77E-06,0,0,0,1,0
528,93,0.000147,0.0859,0.00238,0.0888,0.0371,0.74,0.808,0.267,1.12E-38,1.83E-05,0,0,1,1
529,94,7.20E-05,0.0382,0.00761,0.00871,0.0856,0.805,0,0,0,0,0,0,0,0
530,95,0.000202,0.022,0.00935,0.0615,0.0786,1.37,0,0,0,0,0,0,0,0
531,96,0.000355,0.0265,0.00584,0.054,0.0382,1.12,0.808,0.328,1.64E-20,1.32E-05,0,0,1,1
532,97,0.00017,0.0322,0.0042,0.0609,0.082,1.49,0,0,0,0,0,0,0,0
533,98,0.000197,0.0208,0.00623,0.0711,0.063,0.729,0.656,0,5.42E-08,0,0,0,1,0
534,99,0.000211,0.0584,0.00689,0.0459,0.0358,0.8,0.759,0.238,7.93E-16,2.72E-05,0,0,1,1
535,925,7.09E-05,0.0339,0.00885,0.099,0.0802,1.21,0,0,0,0,0,0,0,0
536,926,0.000284,0.0301,0.00272,0.0884,0.0537,1.19,0.878,0.324,3.62E-38,2.63E-05,0,0,1,1
537,927,0.000131,0.0668,0.000492,0.0929,0.044,1.35,0.841,0.316,6.05E-53,1.21E-05,0,0,1,1
538,928,0.000164,0.079,0.00602,0.0286,0.0592,1.39,0.648,0,1.17E-07,0,0,0,1,0
539,929,0.00012,0.0976,0.01,0.0222,0.0671,0.93,0.049,0,2.32E-06,0,0,0,1,0
540,930,0.000356,0.0865,0.005,0.0314,0.0455,1.38,0.804,0.328,4.59E-16,2.03E-05,0,0,1,1
541,931,0.000199,0.0327,0.00497,0.0364,0.0579,1.38,0.677,0,6.28E-11,0,0,0,1,0
542,932,0.000123,0.0511,0.00926,0.0882,0.0784,1.3,0,0,0,0,0,0,0,0
543,933,0.000213,0.0405,0.00289,0.0956,0.0351,1.05,0.824,0.299,2.86E-37,1.02E-05,0,0,1,1
544,934,0.000158,0.0592,0.00835,0.0107,0.055,0.792,0.115,0,5.02E-07,0,0,0,1,0
545,935,0.000141,0.047,0.000195,0.0486,0.0502,0.635,0.874,0.308,5.31E-30,1.23E-05,0,0,1,1
546,936,0.000225,0.0977,0.00387,0.0556,0.0344,0.92,0.804,0.299,2.11E-21,1.15E-05,0,0,1,1
547,937,0.000339,0.0326,0.00904,0.0461,0.03,1.49,0.767,0.316,1.01E-15,7.68E-06,0,0,1,1
548,938,0.000325,0.0547,0.00545,0.00162,0.071,0.615,0.115,0,2.00E-06,0,0,0,1,0
549,939,7.93E-05,0.064,0.00583,0.0331,0.0496,0.993,0.078,0,2.95E-07,0,0,0,1,0
550,940,3.79E-05,0.0978,0.00519,0.0142,0.0412,1.03,0.049,0,1.70E-06,0,0,0,1,0
551,941,0.000193,0.03,0.00203,0.028,0.0448,1.31,0.812,0.263,5.87E-19,2.40E-05,0,0,1,1
552,942,0.000147,0.0599,0.00906,0.0409,0.0797,0.809,0,0,0,0,0,0,0,0
553,943,8.10E-05,0.0604,0.00375,0.0717,0.0545,1.05,0.053,0,1.53E-06,0,0,0,1,0
554,944,0.000322,0.0364,0.00183,0.0562,0.0758,1.05,0.796,0.213,7.37E-14,4.47E-05,0,0,1,1
555,945,0.000115,0.0213,0.00662,0.00327,0.0473,0.934,0.098,0,6.01E-07,0,0,0,1,0
556,946,0.000122,0.0997,0.00398,0.0277,0.0755,0.94,0.037,0,3.12E-06,0,0,0,1,0
557,947,7.06E-05,0.0843,0.00615,0.0226,0.0863,1.01,0,0,0,0,0,0,0,0
558,948,0.000329,0.0806,0.000426,0.0294,0.0828,0.935,1.038,0.476,4.59E-20,2.81E-05,0,0,1,1
559,949,0.000328,0.0225,0.00778,0.0397,0.0258,1.34,0.775,0.328,4.79E-15,2.39E-06,0,0,1,1
560,175,0.000274,0.0359,0.00958,0.0706,0.0912,1.05,0,0,0,0,0,0,0,0
561,176,0.000235,0.0318,0.0015,0.0306,0.0745,1.27,0.734,0,1.84E-09,0,0,0,1,0
562,177,0.000195,0.0844,0.00943,0.051,0.0681,0.634,0.094,0,6.10E-07,0,0,0,1,0
563,178,0.000205,0.0121,0.00409,0.0367,0.0483,1.1,0.771,0.193,5.84E-17,4.15E-05,0,0,1,1
564,179,3.28E-05,0.0522,0.00377,0.0221,0.0355,0.775,0.632,0,5.88E-08,0,0,0,1,0
565,180,0.000346,0.0594,0.00785,0.0445,0.0748,1.47,0.64,0,1.72E-07,0,0,0,1,0
566,181,0.000256,0.0821,0.0047,0.0914,0.0425,0.57,0.824,0.324,3.45E-31,2.12E-05,0,0,1,1
567,182,0.00011,0.0568,0.00858,0.0103,0.0575,0.731,0.066,0,1.71E-06,0,0,0,1,0
568,183,0.00025,0.0372,0.00591,0.092,0.0587,0.777,0.742,0,1.37E-12,0,0,0,1,0
569,184,0.000266,0.0685,0.00367,0.0633,0.0257,1.22,0.554,0.336,4.13E-09,9.20E-07,0.271,4.49E-09,2,1
570,185,0.000248,0.0802,0.00772,0.0971,0.0413,1.34,0.788,0.25,8.94E-22,3.17E-05,0,0,1,1
571,186,0.000209,0.0108,0.00432,0.0875,0.0339,0.523,0.792,0.258,1.22E-31,1.57E-05,0,0,1,1
572,187,0.000111,0.0546,0.000343,0.0948,0.0653,1.22,0.783,0.361,4.44E-12,3.31E-05,0.025,1.04E-06,2,2
573,188,0.000299,0.0814,0.00356,0.0259,0.0798,0.71,0.705,0,9.41E-08,0,0,0,1,0
574,189,0.000353,0.0322,0.000979,0.0581,0.0835,1.13,0.952,0.357,6.88E-16,3.93E-05,0,0,1,1
575,190,5.58E-05,0.0791,0.00414,0.0263,0.031,1.01,0.693,0,2.08E-11,0,0,0,1,0
576,191,0.000186,0.0781,0.00979,0.0978,0.0568,1.17,0.701,0,8.04E-09,0,0,0,1,0
577,192,6.50E-05,0.082,0.00498,0.0332,0.0402,1.45,0.673,0,7.09E-10,0,0,0,1,0
578,193,0.000203,0.0232,0.00599,0.0972,0.071,1.47,0,0,0,0,0,0,0,0
579,194,7.82E-05,0.0946,0.00533,0.0224,0.06,1.42,0.041,0,2.83E-06,0,0,0,1,0
580,195,0.000336,0.0154,0.00114,0.0629,0.0756,0.84,0.952,0.336,1.33E-24,3.77E-05,0,0,1,1
581,196,0.000247,0.0772,0.00422,0.0699,0.0825,0.75,0.057,0,2.85E-06,0,0,0,1,0
582,197,0.000158,0.0795,0.00322,0.00764,0.098,1.15,0,0,0,0,0,0,0,0
583,198,6.67E-05,0.0125,0.00968,0.0118,0.052,1.03,0.012,0,6.10E-07,0,0,0,1,0
584,199,0.000178,0.0442,0.000211,0.0152,0.0724,0.735,0.931,0.295,6.81E-18,3.92E-05,0,0,1,1
585,675,9.41E-05,0.0939,0.00222,0.032,0.0325,0.58,0.751,0.193,5.11E-18,2.46E-05,0,0,1,1
586,676,0.000123,0.056,0.00412,0.071,0.0867,1.21,0,0,0,0,0,0,0,0
587,677,0.000217,0.0139,0.00345,0.0628,0.086,1.18,0,0,0,0,0,0,0,0
588,678,4.57E-05,0.0667,0.00849,0.093,0.0538,0.77,0,0,0,0,0,0,0,0
589,679,0.000155,0.0435,0.0097,0.0347,0.0439,1.4,0.689,0,1.40E-10,0,0,0,1,0
590,680,0.000343,0.041,0.00368,0.00698,0.0674,0.972,0.742,0,6.74E-10,0,0,0,1,0
591,681,0.000232,0.0959,0.00994,0.0205,0.0375,1.28,0.71,0.213,8.33E-10,3.56E-05,0,0,1,1
592,682,0.00024,0.081,0.00754,0.0832,0.0347,1.41,0.779,0.271,1.50E-20,2.11E-05,0,0,1,1
593,683,8.99E-05,0.0238,0.00757,0.00632,0.0977,1.13,0,0,0,0,0,0,0,0
594,684,0.000221,0.0401,0.00177,0.0929,0.037,1.08,0.857,0.324,3.80E-42,6.87E-06,0,0,1,1
595,685,0.000139,0.0355,0.00707,0.0195,0.0557,0.545,0.098,0,1.83E-07,0,0,0,1,0
596,686,0.000181,0.0399,0.00461,0.0506,0.0565,1.48,0.66,0,1.66E-08,0,0,0,1,0
597,687,0.000188,0.0895,0.00625,0.0936,0.0533,1.46,0.701,0,1.88E-10,0,0,0,1,0
598,688,0.000152,0.0477,0.00428,0.0495,0.0312,1.29,0.759,0.226,6.99E-19,1.89E-05,0,0,1,1
599,689,0.00026,0.0169,0.00553,0.0984,0.0305,1.39,0.8,0.295,1.28E-28,7.72E-06,0,0,1,1
600,690,0.000335,0.0228,0.00167,0.00657,0.0829,1.09,0.771,0,7.70E-09,0,0,0,1,0
601,691,9.33E-05,0.0898,0.00413,0.0856,0.0598,0.592,0.049,0,3.34E-06,0,0,0,1,0
602,692,5.35E-05,0.0871,0.00604,0.0671,0.0424,0.535,0.636,0,1.61E-07,0,0,0,1,0
603,693,0.000155,0.0931,0.00647,0.0781,0.026,0.5,0.755,0.238,3.03E-20,1.25E-05,0,0,1,1
604,694,5.47E-05,0.0201,0.00671,0.0479,0.0627,0.673,0,0,0,0,0,0,0,0
605,695,0.000336,0.0431,0.00648,0.0692,0.0415,1.11,0.808,0.304,1.80E-22,2.09E-05,0,0,1,1
606,696,6.25E-05,0.0664,0.000764,0.0137,0.0337,0.985,0.595,0.176,1.20E-13,2.46E-05,0,0,1,1
607,697,0.000133,0.0766,0.000203,0.0591,0.0557,0.925,0.882,0.349,2.94E-33,1.78E-05,0,0,1,1
608,698,0.000324,0.0361,0.00378,0.0609,0.0625,1.07,0.726,0.238,8.26E-15,4.14E-05,0,0,1,1
609,699,0.000276,0.012,0.000698,0.0715,0.0654,0.775,0.952,0.357,3.38E-39,2.56E-05,0,0,1,1
610,900,6.70E-05,0.0847,0.000401,0.0736,0.0711,1.11,0,0,0,0,0,0,0,0
611,901,0.000301,0.0508,0.00549,0.0773,0.0799,1.14,0.078,0,1.18E-06,0,0,0,1,0
612,902,0.000237,0.0429,0.0083,0.0558,0.0683,1.03,0.103,0,3.14E-07,0,0,0,1,0
613,903,0.000211,0.0354,0.0049,0.00277,0.0969,0.817,0,0,0,0,0,0,0,0
614,904,0.000303,0.0958,0.00938,0.0148,0.0906,0.734,0.078,0,2.18E-06,0,0,0,1,0
615,905,0.000262,0.0705,0.00479,0.0123,0.0879,0.961,0.07,0,1.59E-06,0,0,0,1,0
616,906,0.000236,0.0384,0.00552,0.00376,0.0877,1.21,0,0,0,0,0,0,0,0
617,907,0.000186,0.0257,0.00708,0.059,0.0446,1.37,0.742,0,2.18E-16,0,0,0,1,0
618,908,8.15E-05,0.0111,0.0067,0.0698,0.0809,1.09,0,0,0,0,0,0,0,0
619,909,0.000335,0.0656,0.00344,0.0287,0.0859,1.49,0.103,0,5.27E-07,0,0,0,1,0
620,910,0.000156,0.0514,0.00802,0.0373,0.0278,1.5,0.718,0.209,7.04E-13,2.22E-05,0,0,1,1
621,911,0.000239,0.0299,0.00284,0.0321,0.0634,1.24,0.792,0,3.00E-15,0,0,0,1,0
622,912,0.000224,0.0202,0.00882,0.0342,0.0478,0.511,0.722,0,9.92E-12,0,0,0,1,0
623,913,0.000161,0.02,0.00952,0.0617,0.0319,1.16,0.722,0.18,1.95E-14,3.69E-05,0,0,1,1
624,914,0.000119,0.0379,0.00458,0.0104,0.0662,0.855,0.049,0,1.27E-06,0,0,0,1,0
625,915,0.000264,0.0437,0.00679,0.0519,0.0306,1.24,0.775,0.287,5.39E-18,1.01E-05,0,0,1,1
626,916,0.000205,0.0573,0.00533,0.0785,0.0693,1.36,0.082,0,1.01E-06,0,0,0,1,0
627,917,0.000119,0.025,0.00251,0.0486,0.0466,0.59,0.775,0.029,9.96E-18,4.89E-05,0,0,1,1
628,918,0.000353,0.0454,0.0028,0.0618,0.0685,1.27,0.853,0.304,3.35E-21,3.81E-05,0,0,1,1
629,919,0.000171,0.0331,0.00359,0.0612,0.0442,0.561,0.792,0.209,4.75E-23,3.64E-05,0,0,1,1
630,920,0.000103,0.061,0.00621,0.0379,0.0819,0.599,0,0,0,0,0,0,0,0
631,921,0.000245,0.0263,0.00132,0.0674,0.099,1.17,0,0,0,0,0,0,0,0
632,922,4.46E-05,0.0118,0.0068,0.0482,0.0956,0.563,0,0,0,0,0,0,0,0
633,923,0.000159,0.0604,0.00818,0.049,0.0301,1.41,0.726,0.209,7.99E-14,2.78E-05,0,0,1,1
634,924,0.000347,0.0566,0.0067,0.0166,0.0592,1.35,0.718,0.037,5.82E-10,5.19E-05,0,0,1,1
635,825,9.72E-05,0.0157,0.0017,0.0472,0.0348,1.48,0.767,0.193,3.44E-26,2.52E-05,0,0,1,1
636,826,0.000132,0.0331,0.00726,0.0512,0.0518,1.42,0.66,0,1.44E-08,0,0,0,1,0
637,827,0.000178,0.0961,0.00335,0.0709,0.0599,0.539,0.722,0,1.37E-09,0,0,0,1,0
638,828,0.000101,0.0439,0.00586,0.017,0.0731,0.913,0,0,0,0,0,0,0,0
639,829,0.000317,0.0553,0.00329,0.076,0.0883,1.01,0.041,0,2.49E-06,0,0,0,1,0
640,830,3.95E-05,0.0471,0.00897,0.0722,0.066,0.576,0,0,0,0,0,0,0,0
641,831,0.000313,0.0415,0.00467,0.0523,0.076,1.14,0.722,0,2.47E-08,0,0,0,1,0
642,832,0.000119,0.0627,0.00334,0.0336,0.0398,1.4,0.751,0.172,1.06E-15,3.97E-05,0,0,1,1
643,833,0.000309,0.0528,0.000871,0.00913,0.031,0.853,0.418,0.41,4.81E-09,1.75E-07,0.275,4.47E-09,2,1
644,834,0.000248,0.0498,0.00736,0.0935,0.075,1.28,0.057,0,1.89E-06,0,0,0,1,0
645,835,0.000132,0.0136,0.000269,0.0669,0.0981,0.925,0,0,0,0,0,0,0,0
646,836,0.000309,0.0184,0.00151,0.0698,0.0845,1.26,0.705,0,1.85E-07,0,0.107,5.31E-07,2,0
647,837,3.06E-05,0.0443,0.00614,0.0778,0.053,0.67,0,0,0,0,0,0,0,0
648,838,3.98E-05,0.0681,0.000789,0.0654,0.0947,0.827,0,0,0,0,0,0,0,0
649,839,5.77E-05,0.0122,0.0095,0.0858,0.0507,0.845,0,0,0,0,0,0,0,0
650,840,0.00023,0.0721,0.00774,0.0083,0.0824,0.555,0.045,0,3.28E-06,0,0,0,1,0
651,841,3.48E-05,0.0845,0.00604,0.0967,0.0704,0.656,0,0,0,0,0,0,0,0
652,842,0.000238,0.0724,0.00218,0.0809,0.0976,1.44,0,0,0,0,0,0,0,0
653,843,0.000108,0.0877,0.00902,0.0181,0.0367,1.37,0.669,0,9.58E-09,0,0,0,1,0
654,844,8.24E-05,0.0928,0.000442,0.0731,0.0385,1.14,0.8,0.25,5.93E-42,1.48E-05,0,0,1,1
655,845,3.53E-05,0.051,0.0062,0.0385,0.0598,0.54,0,0,0,0,0,0,0,0
656,846,9.89E-05,0.0988,0.00256,0.0258,0.0605,1.18,0.123,0,5.11E-06,0,0.086,5.23E-07,2,0
657,847,3.93E-05,0.0147,0.00714,0.0106,0.0738,1.37,0,0,0,0,0,0,0,0
658,848,0.000356,0.0745,0.00248,0.0566,0.073,1.24,0.771,0.316,7.41E-11,3.91E-05,0,0,1,1
659,849,0.000344,0.0828,0.00769,0.0632,0.089,0.802,0.074,0,1.92E-06,0,0,0,1,0
660,775,0.000119,0.0683,0.00337,0.0879,0.0872,0.52,0,0,0,0,0,0,0,0
661,776,8.66E-05,0.0142,0.00787,0.00121,0.0468,0.645,0,0,0,0,0,0,0,0
662,777,0.000357,0.025,0.00213,0.0777,0.0298,0.99,0.554,0.431,9.99E-10,3.33E-07,0.394,9.43E-10,2,1
663,778,0.000108,0.0816,0.000566,0.0816,0.0505,0.95,0.841,0.316,1.29E-38,2.61E-05,0,0,1,1
664,779,0.000197,0.0106,0.000228,0.0309,0.0683,1.39,0.947,0.332,1.80E-16,2.94E-05,0,0,1,1
665,780,0.000208,0.0876,0.00204,0.0288,0.0952,1.09,0,0,0,0,0,0,0,0
666,781,0.000247,0.0953,0.00288,0.0746,0.0773,0.804,0.8,0,4.80E-07,0,0,0,1,0
667,782,0.000106,0.0181,0.0061,0.0395,0.0544,0.995,0.074,0,1.20E-07,0,0,0,1,0
668,783,7.17E-05,0.0118,0.00816,0.0744,0.0453,0.517,0.07,0,9.15E-08,0,0,0,1,0
669,784,0.000183,0.0685,0.00336,0.0446,0.0873,1.29,0,0,0,0,0,0,0,0
670,785,0.000225,0.0433,0.00509,0.0844,0.0761,0.919,0.045,0,1.84E-06,0,0,0,1,0
671,786,0.000337,0.0235,0.00639,0.0583,0.084,1.35,0.062,0,5.98E-07,0,0,0,1,0
672,787,0.000203,0.0728,0.00795,0.0838,0.069,1.4,0.078,0,1.46E-06,0,0,0,1,0
673,788,0.000156,0.0967,0.00597,0.0539,0.0658,0.676,0.086,0,7.67E-07,0,0,0,1,0
674,789,0.000105,0.0549,0.00317,0.0102,0.0735,1.19,0,0,0,0,0,0,0,0
675,790,9.36E-05,0.0641,0.00161,0.066,0.0673,0.64,0,0,0,0,0,0,0,0
676,791,0.000294,0.0305,0.00557,0.0976,0.0251,0.823,0.833,0.336,2.42E-10,1.27E-06,0,0,1,1
677,792,0.0001,0.0291,0.00911,0.0831,0.091,0.899,0,0,0,0,0,0,0,0
678,793,0.000106,0.0463,0.000616,0.00467,0.0973,1.08,0,0,0,0,0,0,0,0
679,794,2.72E-05,0.0195,0.00241,0.0607,0.0347,0.613,0.673,0,1.75E-12,0,0,0,1,0
680,795,0.00025,0.0733,0.00694,0.0547,0.0433,0.633,0.779,0.238,1.03E-17,3.48E-05,0,0,1,1
681,796,5.80E-05,0.0403,0.0084,0.0121,0.092,1.02,0,0,0,0,0,0,0,0
682,797,0.000109,0.0661,0.00896,0.0939,0.0778,1.1,0,0,0,0,0,0,0,0
683,798,0.000196,0.0236,0.00246,0.0488,0.0977,0.831,0,0,0,0,0,0,0,0
684,799,0.000116,0.0625,0.00661,0.043,0.0843,0.869,0,0,0,0,0,0,0,0
685,1150,4.91E-05,0.0973,0.00651,0.0293,0.0447,1.03,0.057,0,5.88E-07,0,0,0,1,0
686,1151,0.00027,0.014,0.00293,0.0916,0.0736,1.06,0.697,0,6.43E-08,0,0,0,1,0
687,1152,0.000197,0.0987,0.00991,0.0726,0.0897,1.44,0,0,0,0,0,0,0,0
688,1153,0.000291,0.0774,0.00896,0.0896,0.0483,1.39,0.751,0.213,5.42E-14,4.14E-05,0,0,1,1
689,1154,0.000204,0.0121,0.00106,0.0368,0.0252,1.1,0.431,0.34,1.41E-09,1.35E-07,0.353,7.20E-10,2,1
690,1155,0.000183,0.0715,0.00655,0.0663,0.0815,1.39,0,0,0,0,0,0,0,0
691,1156,0.000121,0.0739,0.00651,0.0839,0.061,0.683,0.062,0,1.97E-06,0,0,0,1,0
692,1157,0.000297,0.0827,0.00995,0.0144,0.0999,0.895,0.033,0,3.53E-06,0,0,0,1,0
693,1158,0.000145,0.0388,0.000888,0.00987,0.028,1.05,0.558,0.271,1.10E-08,1.34E-06,0,0,1,1
694,1159,8.07E-05,0.0502,0.00221,0.0543,0.0526,0.94,0.73,0,1.15E-07,0,0,0,1,0
695,1160,0.000276,0.0951,0.00223,0.0196,0.0717,1.18,0.783,0,9.19E-10,0,0,0,1,0
696,1161,0.000124,0.091,0.00674,0.0645,0.072,1.48,0,0,0,0,0,0,0,0
697,1162,0.000228,0.0223,0.00712,0.00541,0.0918,1.01,0,0,0,0,0,0,0,0
698,1163,0.000127,0.0196,0.000253,0.0252,0.0757,0.762,0.861,0,2.34E-15,0,0,0,1,0
699,1164,0.000189,0.037,0.00923,0.0108,0.0715,1.22,0.057,0,1.27E-06,0,0,0,1,0
700,1165,0.000264,0.0897,0.0029,0.0501,0.0703,1.2,0.726,0,1.68E-08,0,0,0,1,0
701,1166,0.000274,0.0799,0.00359,0.0465,0.0806,0.726,0.689,0,3.34E-07,0,0,0,1,0
702,1167,0.00033,0.0292,0.00198,0.0976,0.0374,1.47,0.915,0.39,2.78E-30,3.08E-06,0,0,1,1
703,1168,0.000176,0.0888,0.00255,0.0845,0.0687,1.42,0.8,0,1.04E-07,0,0,0,1,0
704,1169,0.000233,0.0309,0.00297,0.0624,0.0494,1.48,0.829,0.271,1.57E-27,3.00E-05,0,0,1,1
705,1170,0.000181,0.0379,0.00506,0.0871,0.0759,1.25,0,0,0,0,0,0,0,0
706,1171,0.000259,0.0999,0.000863,0.0245,0.0978,1.04,0.664,0,2.47E-06,0,0,0,1,0
707,1172,0.000251,0.097,0.00439,0.011,0.0326,1.13,0.726,0.291,6.52E-11,9.16E-06,0,0,1,1
708,1173,0.000303,0.0913,0.0043,0.0453,0.0356,0.536,0.824,0.34,1.60E-19,8.38E-06,0,0,1,1
709,1174,5.13E-05,0.0808,0.00967,0.0355,0.0705,0.71,0,0,0,0,0,0,0,0
710,350,0.000241,0.0751,0.00241,0.0764,0.0699,1.13,0.759,0.246,6.13E-11,4.22E-05,0,0,1,1
711,351,0.000292,0.0421,0.00348,0.0541,0.0726,1.08,0.681,0,8.65E-08,0,0.098,1.14E-06,2,0
712,352,0.000277,0.0879,0.0074,0.0138,0.0333,1.24,0.734,0.283,1.98E-10,1.53E-05,0,0,1,1
713,353,0.000243,0.061,0.00273,0.0391,0.0648,1.04,0.804,0,1.57E-13,0,0,0,1,0
714,354,0.000291,0.0797,0.00967,0.0145,0.0596,0.96,0.673,0,3.60E-08,0,0,0,1,0
715,355,0.000215,0.064,0.00548,0.0132,0.0644,0.703,0.365,0,2.32E-07,0,0,0,1,0
716,356,0.000282,0.0265,0.00168,0.0727,0.0287,1.02,0.554,0.377,1.21E-09,3.71E-07,0.377,1.07E-09,2,1
717,357,3.87E-05,0.0924,0.00729,0.005,0.037,0.964,0.041,0,3.96E-06,0,0,0,1,0
718,358,0.000306,0.0985,0.00466,0.0274,0.0395,1.27,0.792,0.32,7.14E-15,1.48E-05,0,0,1,1
719,359,0.000168,0.0648,0.00554,0.0362,0.0434,0.65,0.742,0.156,7.98E-14,4.43E-05,0,0,1,1
720,360,0.000115,0.0511,0.00864,0.00459,0.0293,1.15,0.435,0.148,1.04E-07,4.05E-05,0,0,1,1
721,361,0.000153,0.0215,0.00791,0.0787,0.077,0.969,0,0,0,0,0,0,0,0
722,362,0.000206,0.0643,0.00305,0.0456,0.0285,0.752,0.804,0.291,6.57E-16,3.53E-06,0,0,1,1
723,363,0.000218,0.0243,0.00631,0.0772,0.0603,1.36,0.726,0,1.27E-08,0,0,0,1,0
724,364,0.000265,0.0274,0.0059,0.00797,0.0432,0.693,0.726,0.242,1.14E-09,3.20E-05,0,0,1,1
725,365,8.88E-05,0.0531,0.00302,0.0621,0.035,0.66,0.751,0.168,2.33E-23,3.71E-05,0,0,1,1
726,366,0.000271,0.0142,0.00924,0.00847,0.026,1.45,0.587,0.287,2.77E-10,6.41E-06,0,0,1,1
727,367,0.000229,0.0343,0.00906,0.0231,0.0559,0.587,0.681,0,2.43E-09,0,0,0,1,0
728,368,0.000192,0.065,0.0066,0.0326,0.0794,1.27,0.045,0,1.85E-06,0,0,0,1,0
729,369,8.04E-05,0.0187,0.00403,0.00352,0.0542,1.34,0,0,0,0,0,0,0,0
730,370,0.000327,0.0358,0.00946,0.0412,0.08,1.18,0.094,0,3.73E-07,0,0,0,1,0
731,371,0.000192,0.0702,0.00379,0.0557,0.078,0.608,0.053,0,2.26E-06,0,0,0,1,0
732,372,2.50E-05,0.0904,0.00217,0.0948,0.0722,0.528,0,0,0,0,0,0,0,0
733,373,0.000338,0.0655,0.00308,0.0598,0.0555,0.72,0.886,0.353,5.79E-27,2.47E-05,0,0,1,1
734,374,9.02E-05,0.0885,0.00844,0.0282,0.0914,0.846,0,0,0,0,0,0,0,0
735,550,0.000271,0.0106,0.00607,0.057,0.0475,0.885,0.783,0.217,7.47E-20,3.88E-05,0,0,1,1
736,551,0.000293,0.0311,0.00996,0.0693,0.0913,0.982,0,0,0,0,0,0,0,0
737,552,0.000313,0.088,0.00088,0.0625,0.0463,1.49,0.931,0.435,3.24E-09,4.67E-06,0,0,1,1
738,553,8.38E-05,0.0836,0.00404,0.00244,0.0515,0.923,0,0,0,0,0,0,0,0
739,554,0.000201,0.04,0.00301,0.0419,0.0955,0.847,0,0,0,0,0,0,0,0
740,555,0.000111,0.0567,0.0019,0.0851,0.0423,1.2,0.804,0.221,7.87E-35,3.26E-05,0,0,1,1
741,556,0.000174,0.0503,0.00888,0.0636,0.0847,1.31,0,0,0,0,0,0,0,0
742,557,0.00017,0.0211,0.00392,0.0234,0.0833,1.4,0,0,0,0,0,0,0,0
743,558,7.23E-05,0.0466,0.0096,0.0872,0.0607,1.22,0,0,0,0,0,0,0,0
744,559,0.000217,0.0907,0.00744,0.0407,0.0928,1.28,0,0,0,0,0,0,0,0
745,560,0.000231,0.052,0.00628,0.0194,0.0721,1.06,0.098,0,3.88E-07,0,0,0,1,0
746,561,0.000311,0.0427,0.00746,0.0595,0.048,1.27,0.783,0.234,1.47E-18,3.75E-05,0,0,1,1
747,562,0.000148,0.0744,0.00374,0.0425,0.085,1.19,0,0,0,0,0,0,0,0
748,563,4.99E-05,0.0691,0.00989,0.042,0.0392,0.538,0.074,0,2.28E-07,0,0,0,1,0
749,564,0.000189,0.0104,0.00459,0.0261,0.0945,0.788,0,0,0,0,0,0,0,0
750,565,0.000168,0.0398,0.000599,0.0531,0.0382,0.872,0.849,0.299,5.48E-22,4.99E-06,0,0,1,1
751,566,0.000334,0.0742,0.00469,0.0592,0.0488,1.33,0.833,0.345,3.89E-23,2.31E-05,0,0,1,1
752,567,0.000171,0.0314,0.000624,0.089,0.0472,1.22,0.886,0.312,1.57E-62,1.36E-05,0,0,1,1
753,568,0.000165,0.0373,0.0059,0.0983,0.0623,0.733,0.201,0,1.63E-06,0,0.115,5.00E-07,2,0
754,569,0.000101,0.0485,0.00609,0.0439,0.0968,0.746,0,0,0,0,0,0,0,0
755,570,0.000169,0.0882,0.0072,0.014,0.0747,0.81,0.062,0,2.26E-06,0,0,0,1,0
756,571,9.16E-05,0.0442,0.00236,0.0632,0.0349,1.01,0.759,0.185,3.02E-27,3.14E-05,0,0,1,1
757,572,0.000194,0.0826,0.00452,0.0727,0.0511,0.603,0.796,0.197,1.05E-20,4.28E-05,0,0,1,1
758,573,3.31E-05,0.0271,0.00069,0.0472,0.0797,0.579,0,0,0,0,0,0,0,0
759,574,0.000229,0.0532,0.00608,0.0192,0.0412,0.808,0.746,0.226,1.72E-11,3.31E-05,0,0,1,1
760,250,5.55E-05,0.019,0.00419,0.024,0.0368,1.03,0.677,0,5.54E-11,0,0,0,1,0
761,251,0.000113,0.0234,0.000987,0.0151,0.0938,0.701,0,0,0,0,0,0,0,0
762,252,0.000283,0.0103,0.00448,0.0946,0.0831,1.2,0,0,0,0,0,0,0,0
763,253,0.000222,0.0538,0.00107,0.0934,0.0586,1.29,0.915,0.406,4.53E-45,2.23E-05,0,0,1,1
764,254,0.000257,0.0628,0.00401,0.0232,0.0885,1.48,0.057,0,1.42E-06,0,0,0,1,0
765,255,0.000116,0.069,0.00556,0.0579,0.1,1.29,0,0,0,0,0,0,0,0
766,256,0.000117,0.0576,0.00368,0.0386,0.0769,0.999,0,0,0,0,0,0,0,0
767,257,0.000286,0.0748,0.00161,0.0411,0.0418,0.571,0.878,0.373,8.49E-23,6.54E-06,0,0,1,1
768,258,0.000132,0.0961,0.00878,0.0723,0.0861,1.16,0,0,0,0,0,0,0,0
769,259,0.00035,0.0868,0.00921,0.031,0.0851,1.33,0.103,0,8.04E-07,0,0,0,1,0
770,260,0.000109,0.096,0.00863,0.0859,0.0937,0.651,0,0,0,0,0,0,0,0
771,261,8.60E-05,0.0264,0.00212,0.0917,0.0279,0.955,0.759,0.197,5.83E-39,1.61E-05,0,0,1,1
772,262,3.17E-05,0.0286,0.00675,0.0312,0.0727,1.08,0,0,0,0,0,0,0,0
773,263,0.000184,0.0975,0.00969,0.0222,0.0978,1.06,0,0,0,0,0,0,0,0
774,264,4.12E-05,0.0658,0.00214,0.0318,0.0558,1.26,0,0,0,0,0,0,0,0
775,265,0.000287,0.0765,0.00227,0.0595,0.0962,0.778,0,0,0,0,0,0,0,0
776,266,0.000284,0.0855,0.00036,0.022,0.0703,1.01,0.972,0.406,2.37E-16,2.11E-05,0,0,1,1
777,267,0.000318,0.0303,0.00433,0.0179,0.0835,1.08,0.103,0,2.71E-07,0,0,0,1,0
778,268,0.000259,0.0972,0.00386,0.0518,0.0388,0.516,0.816,0.32,8.04E-23,1.43E-05,0,0,1,1
779,269,0.000227,0.0752,0.00937,0.0869,0.033,1.14,0.763,0.25,2.14E-18,2.42E-05,0,0,1,1
780,270,3.39E-05,0.0778,0.00203,0.0285,0.0926,0.927,0,0,0,0,0,0,0,0
781,271,0.0003,0.0385,0.00918,0.0661,0.0287,0.998,0.775,0.304,1.42E-18,8.22E-06,0,0,1,1
782,272,4.68E-05,0.0988,0.00311,0.0902,0.0422,0.898,0.685,0,1.10E-07,0,0,0,1,0
783,273,0.0001,0.0925,0.0091,0.0769,0.0908,1.49,0,0,0,0,0,0,0,0
784,274,9.47E-05,0.043,0.00483,0.033,0.0963,1.43,0,0,0,0,0,0,0,0
785,450,0.00011,0.031,0.00443,0.0279,0.0874,1.41,0,0,0,0,0,0,0,0
786,451,0.000341,0.0732,0.00222,0.0189,0.0264,1.43,0.418,0.414,5.23E-09,1.48E-07,0.332,3.38E-09,2,1
787,452,0.000233,0.0246,0.00425,0.0576,0.0778,0.933,0.057,0,7.23E-07,0,0,0,1,0
788,453,0.000272,0.0241,0.0099,0.00929,0.065,1.09,0.131,0,2.77E-07,0,0,0,1,0
789,454,0.00036,0.0675,0.00716,0.0213,0.0595,0.688,0.705,0.004,2.75E-10,5.08E-05,0,0,1,2
790,455,4.43E-05,0.0101,0.00805,0.0529,0.0993,1.48,0,0,0,0,0,0,0,0
791,456,0.000261,0.0775,0.00658,0.0514,0.0633,0.671,0.742,0,5.79E-08,0,0,0,1,0
792,457,0.000227,0.0224,0.00698,0.0269,0.0695,0.681,0.103,0,1.43E-07,0,0,0,1,0
793,458,0.000266,0.0464,0.00224,0.0175,0.0626,1.25,0.808,0.234,1.25E-12,4.18E-05,0,0,1,1
794,459,0.000225,0.0505,0.00973,0.0133,0.0855,0.939,0.045,0,1.94E-06,0,0,0,1,0
795,460,0.00029,0.0186,0.0031,0.0793,0.0963,0.569,0,0,0,0,0,0,0,0
796,461,0.000152,0.0109,0.0053,0.017,0.0712,1.36,0.045,0,3.50E-07,0,0,0,1,0
797,462,6.78E-05,0.0499,0.0076,0.0587,0.0688,0.572,0,0,0,0,0,0,0,0
798,463,0.00015,0.0486,0.00709,0.0117,0.0823,0.691,0,0,0,0,0,0,0,0
799,464,0.000113,0.0723,0.00502,0.0227,0.03,0.628,0.718,0.185,7.55E-12,2.96E-05,0,0,1,1
800,465,0.000172,0.0657,0.00797,0.0483,0.0758,0.882,0.037,0,2.42E-06,0,0,0,1,0
801,466,6.05E-05,0.034,0.00341,0.0661,0.0924,0.707,0,0,0,0,0,0,0,0
802,467,0.000283,0.0493,0.00606,0.0996,0.0923,0.83,0,0,0,0,0,0,0,0
803,468,0.000227,0.0958,0.00229,0.00599,0.0713,0.682,0.714,0,3.58E-07,0,0,0,1,0
804,469,0.00021,0.0672,0.00961,0.00525,0.034,0.605,0.673,0.213,6.50E-08,3.21E-05,0,0,1,1
805,470,0.000185,0.0805,0.00176,0.0358,0.0762,1.08,0.734,0,3.13E-07,0,0,0,1,0
806,471,0.000215,0.0472,0.00788,0.0865,0.062,0.98,0.705,0,6.81E-09,0,0,0,1,0
807,472,0.000225,0.0119,0.00349,0.0789,0.0642,1.36,0.726,0,3.22E-10,0,0,0,1,0
808,473,0.000305,0.0504,0.00476,0.0193,0.0485,1.25,0.779,0.271,8.23E-13,3.01E-05,0,0,1,1
809,474,0.000324,0.0621,0.00254,0.0853,0.0573,0.906,0.906,0.381,4.96E-38,2.35E-05,0,0,1,1
810,325,0.000279,0.0706,0.00187,0.0109,0.0863,0.816,0.062,0,6.16E-06,0,0.291,3.39E-06,3,0
811,326,0.000155,0.0393,0.00594,0.0208,0.0965,0.821,0,0,0,0,0,0,0,0
812,327,0.000189,0.0319,0.0018,0.0525,0.0783,0.973,0.033,0,1.41E-06,0,0,0,1,0
813,328,4.18E-05,0.0921,0.00263,0.0882,0.0488,1.33,0,0,0,0,0,0,0,0
814,329,0.000352,0.0404,0.00181,0.0648,0.0718,0.88,0.935,0.345,4.91E-25,3.60E-05,0,0,1,1
815,330,0.000345,0.0833,0.00882,0.0637,0.0617,1.08,0.755,0,5.36E-08,0,0,0,1,0
816,331,0.00019,0.0639,0.00543,0.0762,0.0808,0.88,0,0,0,0,0,0,0,0
817,332,0.000149,0.0766,0.00839,0.0425,0.0807,0.655,0,0,0,0,0,0,0,0
818,333,0.00014,0.0809,0.00915,0.0438,0.0966,0.668,0,0,0,0,0,0,0,0
819,334,0.000309,0.0105,0.00939,0.0861,0.0495,1.28,0.767,0.119,4.21E-19,4.71E-05,0,0,1,1
820,335,0.000124,0.0319,0.0013,0.0174,0.0696,0.754,0.066,0,4.94E-07,0,0,0,1,0
821,336,0.000213,0.0506,0.00636,0.00739,0.0527,1.27,0.669,0,6.44E-08,0,0,0,1,0
822,337,0.000286,0.0922,0.00541,0.0955,0.059,1.5,0.833,0.304,3.08E-24,3.69E-05,0,0,1,1
823,338,0.000218,0.072,0.00199,0.0833,0.0295,1.09,0.562,0.328,4.01E-09,1.87E-06,0.267,4.87E-09,2,1
824,339,0.000245,0.092,0.00966,0.0981,0.0651,0.648,0.693,0,1.49E-07,0,0,0,1,0
825,340,3.23E-05,0.0568,0.00638,0.0458,0.0871,1.14,0,0,0,0,0,0,0,0
826,341,9.13E-05,0.0559,0.00294,0.0719,0.0781,1.48,0,0,0,0,0,0,0,0
827,342,0.000194,0.0421,0.00862,0.0201,0.068,1.24,0.086,0,4.34E-07,0,0,0,1,0
828,343,0.000326,0.0871,0.00609,0.0348,0.039,1.23,0.787,0.312,2.44E-15,1.68E-05,0,0,1,1
829,344,0.000269,0.0609,0.00916,0.00706,0.0283,1.18,0.619,0.279,3.47E-09,1.01E-05,0,0,1,1
830,345,0.000183,0.028,0.0034,0.0256,0.0473,0.66,0.771,0.197,2.97E-14,4.00E-05,0,0,1,1
831,346,0.000306,0.0514,0.00771,0.0235,0.0613,1.26,0.71,0,4.41E-10,0,0,0,1,0
832,347,5.21E-05,0.0852,0.00815,0.0886,0.081,0.797,0,0,0,0,0,0,0,0
833,348,0.000197,0.0863,0.00753,0.0212,0.0465,1.1,0.71,0,5.29E-10,0,0,0,1,0
834,349,0.000187,0.0126,0.00941,0.00583,0.0427,1.5,0.648,0,4.92E-08,0,0,0,1,0
835,375,0.00032,0.0722,0.00964,0.015,0.029,1.38,0.726,0.304,7.49E-11,8.15E-06,0,0,1,1
836,376,0.000282,0.0859,0.00246,0.0432,0.0505,0.951,0.857,0.349,1.00E-23,2.05E-05,0,0,1,1
837,377,8.91E-05,0.0645,0.00489,0.0919,0.0487,0.737,0.701,0,4.36E-09,0,0,0,1,0
838,378,0.000192,0.0298,0.00814,0.0199,0.062,1.2,0.107,0,1.91E-07,0,0,0,1,0
839,379,0.000154,0.0342,0.00558,0.0264,0.0497,0.573,0.714,0,8.14E-12,0,0,0,1,0
840,380,0.00022,0.0875,0.001,0.0708,0.0936,0.769,0.669,0,3.06E-06,0,0,0,1,0
841,381,0.00019,0.0559,0.00991,0.0741,0.0848,1.13,0,0,0,0,0,0,0,0
842,382,0.000304,0.0646,0.00491,0.0961,0.0698,1.17,0.792,0,1.34E-07,0,0,0,1,0
843,383,0.000117,0.0202,0.00693,0.0745,0.0678,1.18,0,0,0,0,0,0,0,0
844,384,3.90E-05,0.0606,0.00146,0.081,0.0442,0.924,0.697,0,1.57E-07,0,0,0,1,0
845,385,0.000359,0.0494,0.00184,0.062,0.0578,0.881,0.927,0.394,1.17E-35,1.88E-05,0,0,1,1
846,386,0.00018,0.0724,0.00233,0.0335,0.0905,1.39,0,0,0,0,0,0,0,0
847,387,4.54E-05,0.0798,0.00821,0.0979,0.0751,1.28,0,0,0,0,0,0,0,0
848,388,0.00011,0.0991,0.00137,0.0542,0.0985,0.812,0,0,0,0,0,0,0,0
849,389,0.000315,0.071,0.00958,0.042,0.0625,0.887,0.714,0,6.47E-11,0,0,0,1,0
850,390,0.000182,0.0229,0.00642,0.0466,0.0328,1.47,0.742,0.226,4.64E-16,2.52E-05,0,0,1,1
851,391,0.000284,0.0484,0.0036,0.0159,0.0342,0.645,0.792,0.32,2.46E-13,6.77E-06,0,0,1,1
852,392,3.59E-05,0.0166,0.00339,0.0335,0.0543,0.531,0,0,0,0,0,0,0,0
853,393,0.000207,0.0955,0.000277,0.00855,0.063,1.32,0.865,0.336,9.11E-10,2.20E-05,0,0,1,1
854,394,0.000346,0.0304,0.00847,0.0925,0.0452,1.49,0.8,0.263,1.67E-22,3.24E-05,0,0,1,1
855,395,0.000207,0.0628,0.00793,0.0475,0.0383,0.605,0.746,0.213,1.06E-14,3.56E-05,0,0,1,1
856,396,0.000162,0.0751,0.00587,0.0204,0.076,0.886,0.062,0,1.31E-06,0,0,0,1,0
857,397,6.11E-05,0.0336,0.00828,0.0229,0.0792,1.17,0,0,0,0,0,0,0,0
858,398,0.00031,0.0778,0.00677,0.0543,0.0921,0.695,0.049,0,2.89E-06,0,0,0,1,0
859,399,0.000301,0.0285,0.00397,0.0987,0.0834,1.2,0,0,0,0,0,0,0,0
860,200,0.000112,0.0741,0.00521,0.0248,0.0612,0.741,0.074,0,5.37E-07,0,0,0,1,0
861,201,0.000254,0.017,0.00802,0.0766,0.0396,1.36,0.767,0.23,1.07E-19,3.25E-05,0,0,1,1
862,202,0.000234,0.0334,0.00613,0.0118,0.074,1.09,0.09,0,5.44E-07,0,0,0,1,0
863,203,4.74E-05,0.0746,0.00637,0.00731,0.0513,0.947,0,0,0,0,0,0,0,0
864,204,0.000169,0.0623,0.00731,0.0649,0.05,0.892,0.697,0,7.97E-09,0,0.004,2.77E-06,2,0
865,205,0.000263,0.0278,0.00519,0.0644,0.0512,1.04,0.8,0.213,3.38E-23,4.05E-05,0,0,1,1
866,206,0.00013,0.0175,0.00629,0.0126,0.0987,0.718,0,0,0,0,0,0,0,0
867,207,0.000124,0.0255,0.00371,0.0821,0.0817,0.612,0,0,0,0,0,0,0,0
868,208,8.94E-05,0.0216,0.00324,0.05,0.0948,1.17,0,0,0,0,0,0,0,0
869,209,0.000268,0.0697,0.00727,0.0642,0.0852,1.11,0.033,0,3.12E-06,0,0,0,1,0
870,210,2.41E-05,0.0488,0.00573,0.0735,0.045,1.19,0,0,0,0,0,0,0,0
871,211,0.000277,0.0381,0.0057,0.0866,0.0376,1.16,0.804,0.295,1.66E-26,1.78E-05,0,0,1,1
872,212,0.000268,0.0182,0.00192,0.091,0.0679,1.06,0.796,0.213,5.65E-25,4.46E-05,0,0,1,1
873,213,0.000111,0.032,0.00595,0.0952,0.0723,1.3,0,0,0,0,0,0,0,0
874,214,0.000347,0.0841,0.000682,0.0354,0.0793,1.18,1.017,0.48,1.16E-22,2.72E-05,0,0,1,1
875,215,0.000203,0.0368,0.000904,0.0423,0.0901,1.44,0,0,0,0,0,0,0,0
876,216,0.000276,0.0647,0.00118,0.0265,0.0943,1.47,0.057,0,2.09E-06,0,0,0,1,0
877,217,0.000317,0.0726,0.00507,0.0246,0.096,1.47,0.049,0,2.08E-06,0,0,0,1,0
878,218,0.000149,0.013,0.00462,0.0646,0.0663,0.614,0.045,0,4.20E-07,0,0,0,1,0
879,219,0.000218,0.0261,0.00856,0.00253,0.0922,0.917,0,0,0,0,0,0,0,0
880,220,2.67E-05,0.0461,0.00605,0.0642,0.0464,0.548,0,0,0,0,0,0,0,0
881,221,0.000308,0.0198,0.00852,0.0944,0.0709,0.623,0.115,0,1.97E-07,0,0,0,1,0
882,222,0.000295,0.0446,0.00429,0.0498,0.0783,0.915,0.656,0,1.73E-07,0,0,0,1,0
883,223,5.61E-05,0.0971,0.00185,0.0892,0.0313,0.957,0.742,0.168,6.23E-36,3.18E-05,0,0,1,1
884,224,0.000192,0.0344,0.00557,0.072,0.0775,0.958,0,0,0,0,0,0,0,0
885,400,0.000295,0.0302,0.00225,0.00286,0.0577,1.14,0.755,0.287,6.17E-09,3.19E-05,0,0,1,1
886,401,0.000241,0.0883,0.000756,0.00863,0.0451,0.929,0.804,0.328,2.73E-11,7.67E-06,0,0,1,1
887,402,0.000319,0.098,0.00763,0.0313,0.0603,1.41,0.689,0,4.61E-08,0,0,0,1,0
888,403,0.000307,0.0159,0.00571,0.0481,0.0297,1.39,0.787,0.32,6.46E-19,4.43E-06,0,0,1,1
889,404,6.81E-05,0.0301,0.000797,0.044,0.0894,1.4,0,0,0,0,0,0,0,0
890,405,0.000158,0.0433,0.00905,0.0393,0.0865,1.12,0,0,0,0,0,0,0,0
891,406,0.000194,0.0747,0.00355,0.025,0.0733,1.12,0.09,0,5.21E-07,0,0,0,1,0
892,407,0.000154,0.0112,0.00736,0.00517,0.0509,1.4,0.115,0,1.89E-07,0,0,0,1,0
893,408,0.000185,0.0935,0.00569,0.0527,0.0998,1.33,0,0,0,0,0,0,0,0
894,409,0.000153,0.0183,0.00844,0.0202,0.0255,1.08,0.697,0.209,1.84E-11,1.80E-05,0,0,1,1
895,410,0.00022,0.0733,0.00676,0.0532,0.027,1.38,0.767,0.275,1.34E-16,7.62E-06,0,0,1,1
896,411,6.22E-05,0.09,0.00362,0.0943,0.0944,1.12,0,0,0,0,0,0,0,0
897,412,0.00027,0.0823,0.00536,0.084,0.0269,0.807,0.82,0.324,6.17E-15,2.62E-06,0,0,1,1
898,413,0.000167,0.0515,0.00486,0.00591,0.0883,0.916,0,0,0,0,0,0,0,0
899,414,0.000315,0.0455,0.00799,0.0783,0.093,0.785,0,0,0,0,0,0,0,0
900,415,0.000285,0.0625,0.00124,0.0915,0.0957,1.42,0.73,0,1.82E-06,0,0,0,1,0
901,416,0.000267,0.0979,0.00262,0.0123,0.0328,0.834,0.788,0.324,3.98E-12,3.73E-06,0,0,1,1
902,417,0.000345,0.0736,0.00119,0.0959,0.0935,1.34,0.993,0.427,2.25E-07,3.41E-05,0,0,1,1
903,418,0.000207,0.0725,0.00667,0.0985,0.0423,0.818,0.788,0.23,2.55E-24,3.61E-05,0,0,1,1
904,419,0.000342,0.076,0.00437,0.0618,0.0804,1.13,0.767,0,9.56E-08,0,0,0,1,0
905,420,0.000349,0.0418,0.000657,0.0798,0.0415,0.553,0.562,0.447,2.57E-09,1.23E-06,0.365,1.68E-09,2,1
906,421,0.00028,0.0233,0.00642,0.0162,0.0283,0.582,0.759,0.299,1.11E-12,5.21E-06,0,0,1,1
907,422,0.00029,0.0839,0.00948,0.0797,0.0708,0.891,0.681,0,1.68E-07,0,0,0,1,0
908,423,0.000146,0.0203,0.00819,0.0283,0.0257,1.45,0.705,0.209,2.42E-12,1.95E-05,0,0,1,1
909,424,0.000179,0.0432,0.00453,0.0658,0.0537,1.26,0.701,0,6.77E-15,0,0,0,1,0
910,525,9.53E-05,0.0793,0.00017,0.0203,0.0649,1.01,0.878,0,5.87E-13,0,0,0,1,0
911,526,0.000114,0.0762,0.00694,0.0524,0.0263,1.31,0.718,0.185,1.21E-14,2.52E-05,0,0,1,1
912,527,0.00017,0.0934,0.00448,0.038,0.0372,0.72,0.767,0.234,1.71E-16,2.75E-05,0,0,1,1
913,528,0.000134,0.0445,0.00216,0.0646,0.0862,0.835,0,0,0,0,0,0,0,0
914,529,0.000193,0.0268,0.00307,0.0374,0.0305,1.37,0.783,0.271,1.71E-18,7.32E-06,0,0,1,1
915,530,0.000344,0.0316,0.00522,0.021,0.0743,0.803,0.689,0,2.48E-08,0,0,0,1,0
916,531,7.01E-05,0.0678,0.00722,0.00822,0.0648,0.685,0,0,0,0,0,0,0,0
917,532,6.87E-05,0.0448,0.00715,0.0697,0.0498,1.25,0.049,0,1.12E-06,0,0,0,1,0
918,533,7.68E-05,0.0994,0.00929,0.016,0.0619,1.06,0,0,0,0,0,0,0,0
919,534,0.000182,0.0583,0.00547,0.0401,0.0482,1.46,0.697,0.025,1.54E-13,5.18E-05,0,0,1,1
920,535,0.000328,0.0658,0.00589,0.0561,0.0925,1.34,0.021,0,3.17E-06,0,0,0,1,0
921,536,4.35E-05,0.0453,0.00423,0.096,0.0953,1.11,0,0,0,0,0,0,0,0
922,537,7.87E-05,0.0718,0.00259,0.0677,0.0531,1.2,0.697,0,2.46E-07,0,0,0,1,0
923,538,0.000201,0.0325,0.00333,0.0949,0.0397,1.16,0.82,0.271,3.01E-36,2.11E-05,0,0,1,1
924,539,8.27E-05,0.0424,0.000954,0.0981,0.0957,0.799,0,0,0,0,0,0,0,0
925,540,7.59E-05,0.0666,0.000715,0.067,0.0983,0.91,0,0,0,0,0,0,0,0
926,541,0.000187,0.0469,0.00147,0.0298,0.078,0.68,0.701,0,2.45E-07,0,0,0,1,0
927,542,0.00018,0.074,0.00803,0.0208,0.067,1.32,0.09,0,6.57E-07,0,0,0,1,0
928,543,0.00025,0.0152,0.00889,0.0426,0.0842,0.765,0.037,0,6.13E-07,0,0,0,1,0
929,544,0.000118,0.0408,0.00516,0.0529,0.0457,0.618,0.73,0,5.01E-15,0,0,0,1,0
930,545,9.55E-05,0.0929,0.00369,0.0977,0.0875,1.07,0,0,0,0,0,0,0,0
931,546,0.000224,0.0829,0.00975,0.0526,0.066,1.45,0.115,0,4.80E-07,0,0,0,1,0
932,547,0.000325,0.0942,0.000748,0.0316,0.0777,1.32,1.005,0.443,1.27E-14,2.99E-05,0,0,1,1
933,548,0.00015,0.0772,0.00831,0.0627,0.0577,0.642,0.644,0,1.53E-07,0,0,0,1,0
934,549,0.000166,0.0422,0.00487,0.0268,0.038,1.13,0.746,0.205,1.78E-13,3.34E-05,0,0,1,1
935,225,3.70E-05,0.0579,0.00354,0.0792,0.0368,0.849,0.677,0,3.56E-11,0,0,0,1,0
936,226,0.000143,0.0168,0.00513,0.0573,0.0688,0.522,0.037,0,6.65E-07,0,0,0,1,0
937,227,0.000144,0.0254,0.00137,0.0303,0.0617,1.31,0.751,0,3.82E-14,0,0,0,1,0
938,228,0.000184,0.0517,0.00421,0.0878,0.0445,1.3,0.804,0.23,1.64E-28,3.46E-05,0,0,1,1
939,229,0.000328,0.0489,0.00793,0.0514,0.0949,1.44,0,0,0,0,0,0,0,0
940,230,0.000166,0.0894,0.00627,0.0873,0.0472,0.912,0.763,0.127,1.01E-17,4.65E-05,0,0,1,1
941,231,6.14E-05,0.0847,0.00997,0.0141,0.0846,1.34,0,0,0,0,0,0,0,0
942,232,0.000271,0.0526,0.00243,0.0194,0.0785,0.97,0.734,0,4.39E-08,0,0,0,1,0
943,233,7.76E-05,0.0642,0.00449,0.0467,0.0606,0.78,0.033,0,2.47E-06,0,0,0,1,0
944,234,0.000163,0.093,0.00501,0.0413,0.0253,1.43,0.742,0.246,4.09E-15,7.16E-06,0,0,1,1
945,235,0.000333,0.0644,0.000541,0.0236,0.0258,0.832,0.398,0.484,6.84E-11,5.37E-09,0.459,7.48E-11,2,1
946,236,0.000266,0.0945,0.00313,0.0732,0.0773,1.29,0.804,0,4.41E-07,0,0,0,1,0
947,237,0.000283,0.0661,0.0073,0.0957,0.0765,0.635,0.09,0,1.46E-06,0,0,0,1,0
948,238,4.96E-05,0.0825,0.00727,0.0993,0.0492,1.12,0,0,0,0,0,0,0,0
949,239,6.95E-05,0.0204,0.00447,0.0795,0.0325,0.62,0.718,0,1.35E-20,0,0,0,1,0
950,240,0.000343,0.0175,0.00826,0.00236,0.051,0.742,0.258,0.189,1.15E-07,4.37E-05,0,0,1,1
951,241,6.84E-05,0.0262,0.000591,0.0151,0.0792,1.48,0,0,0,0,0,0,0,0
952,242,0.000324,0.0524,0.00397,0.0503,0.0668,0.715,0.73,0,2.40E-11,0,0,0,1,0
953,243,0.000317,0.0677,0.0051,0.0372,0.0318,0.786,0.808,0.332,3.81E-17,5.10E-06,0,0,1,1
954,244,0.000206,0.0217,0.00152,0.00607,0.0335,1.16,0.615,0.295,1.67E-11,4.27E-06,0,0,1,1
955,245,0.000196,0.0473,0.00646,0.0341,0.0602,1.42,0.673,0,2.81E-08,0,0,0,1,0
956,246,0.000359,0.0335,0.000583,0.058,0.0741,0.87,1.013,0.447,1.31E-30,2.19E-05,0,0,1,1
957,247,0.000213,0.0491,0.00097,0.037,0.0615,0.785,0.898,0.312,5.09E-19,3.21E-05,0,0,1,1
958,248,0.00014,0.0298,0.00332,0.0576,0.0387,0.85,0.771,0.209,1.29E-23,3.20E-05,0,0,1,1
959,249,3.34E-05,0.0954,0.00142,0.048,0.0827,1.3,0,0,0,0,0,0,0,0
960,300,4.60E-05,0.0525,0.00836,0.0351,0.0343,0.631,0.632,0,8.70E-09,0,0,0,1,0
961,301,0.00012,0.0164,0.00705,0.0519,0.0608,1.26,0.045,0,4.37E-07,0,0,0,1,0
962,302,0.000321,0.0472,0.00376,0.0782,0.04,0.689,0.861,0.353,1.78E-32,1.08E-05,0,0,1,1
963,303,0.000291,0.0378,0.00109,0.083,0.0993,1.24,0,0,0,0,0,0,0,0
964,304,0.000314,0.0256,0.00408,0.0738,0.0807,0.63,0.078,0,5.90E-07,0,0,0,1,0
965,305,0.000157,0.0643,0.00345,0.0847,0.0753,1.01,0,0,0,0,0,0,0,0
966,306,0.000223,0.0614,0.00848,0.0463,0.0547,0.977,0.71,0,8.61E-09,0,0,0,1,0
967,307,0.000196,0.0304,0.00323,0.0799,0.0385,1.26,0.808,0.267,5.65E-32,2.00E-05,0,0,1,1
968,308,4.23E-05,0.0221,0.00827,0.0361,0.0604,1.09,0,0,0,0,0,0,0,0
969,309,0.000357,0.0591,0.00338,0.0494,0.0273,0.772,0.554,0.414,3.30E-09,4.12E-07,0.332,3.17E-09,2,1
970,310,8.97E-05,0.0376,0.00652,0.0801,0.0887,0.583,0,0,0,0,0,0,0,0
971,311,0.000331,0.0631,0.00949,0.0311,0.0672,1.36,0.685,0,2.18E-08,0,0,0,1,0
972,312,0.000108,0.0475,0.000418,0.0149,0.0372,1.17,0.644,0.238,8.18E-13,9.14E-06,0,0,1,1
973,313,0.000332,0.0757,0.00909,0.0928,0.0777,0.51,0.644,0,5.80E-07,0,0,0,1,0
974,314,0.0003,0.0869,0.00537,0.0451,0.0377,1.01,0.8,0.316,3.68E-18,1.46E-05,0,0,1,1
975,315,0.000115,0.0887,0.00529,0.0524,0.0646,0.658,0.057,0,1.76E-06,0,0,0,1,0
976,316,0.000256,0.0242,0.00104,0.0807,0.034,1.28,0.562,0.361,1.70E-09,1.31E-06,0.316,1.82E-09,2,1
977,317,0.000333,0.0889,0.00328,0.0819,0.0836,1.3,0.841,0,2.20E-07,0,0,0,1,0
978,318,0.000302,0.0984,0.00438,0.0435,0.0406,1.07,0.812,0.336,2.20E-19,1.48E-05,0,0,1,1
979,319,0.000208,0.066,0.00309,0.0712,0.0632,1.08,0.804,0,5.18E-14,0,0,0,1,0
980,320,0.000125,0.0892,0.00538,0.085,0.0302,0.674,0.759,0.213,4.40E-23,2.50E-05,0,0,1,1
981,321,0.000331,0.0598,0.00783,0.0941,0.0813,1.46,0.066,0,2.00E-06,0,0,0,1,0
982,322,6.39E-05,0.0962,0.00775,0.0207,0.0352,1.1,0.652,0,1.45E-08,0,0,0,1,0
983,323,0.000326,0.0481,0.00321,0.0753,0.0381,1.45,0.878,0.373,2.68E-28,6.69E-06,0,0,1,1
984,324,0.000153,0.0235,0.0037,0.0401,0.0409,1.03,0.763,0.197,4.47E-18,3.63E-05,0,0,1,1
985,500,0.000292,0.0811,0.00481,0.0505,0.0262,0.665,0.841,0.345,3.11E-09,1.34E-06,0,0,1,1
986,501,0.000167,0.0749,0.00877,0.0147,0.0768,0.626,0.053,0,2.34E-06,0,0,0,1,0
987,502,0.000296,0.0763,0.00283,0.0575,0.0847,0.866,0.763,0,3.87E-07,0,0,0,1,0
988,503,0.000353,0.0325,0.0025,0.0925,0.0386,1.48,0.915,0.394,3.36E-33,4.35E-06,0,0,1,1
989,504,0.000241,0.0556,0.00504,0.0755,0.0373,0.724,0.804,0.283,7.56E-26,1.89E-05,0,0,1,1
990,505,0.000278,0.0394,0.00436,0.0566,0.0657,1.37,0.656,0,5.86E-08,0,0,0,1,0
991,506,0.000131,0.0653,0.00138,0.0626,0.0848,0.749,0,0,0,0,0,0,0,0
992,507,5.19E-05,0.0719,0.00986,0.0403,0.0556,0.944,0,0,0,0,0,0,0,0
993,508,2.78E-05,0.0835,0.00154,0.0203,0.0898,0.564,0,0,0,0,0,0,0,0
994,509,0.000176,0.0787,0.00228,0.0299,0.0456,1.02,0.808,0.25,8.02E-18,2.88E-05,0,0,1,1
995,510,0.000288,0.0585,0.0079,0.0167,0.0265,0.97,0.742,0.304,8.10E-12,4.53E-06,0,0,1,1
996,511,0.000222,0.0323,0.00102,0.0673,0.0884,1.09,0,0,0,0,0,0,0,0
997,512,5.91E-05,0.0542,0.0051,0.043,0.0801,0.639,0,0,0,0,0,0,0,0
998,513,0.000253,0.073,0.00719,0.0906,0.0857,0.787,0,0,0,0,0,0,0,0
999,514,0.000112,0.058,0.000665,0.0694,0.0694,1.43,0.812,0,3.88E-07,0,0,0,1,0
1000,515,4.07E-05,0.0922,0.00269,0.026,0.0561,1.35,0,0,0,0,0,0,0,0
1001,516,0.000228,0.0633,0.0032,0.0605,0.0265,0.936,0.566,0.312,4.38E-09,1.54E-06,0.25,4.70E-09,2,1
1002,517,7.65E-05,0.0986,0.00292,0.00616,0.0467,0.518,0.66,0,4.48E-07,0,0,0,1,0
1003,518,0.000101,0.031,0.00307,0.053,0.0934,1.09,0,0,0,0,0,0,0,0
1004,519,0.000262,0.079,0.00126,0.0161,0.0595,1.14,0.829,0.324,7.22E-14,2.75E-05,0,0,1,1
1005,520,0.000228,0.0308,0.00868,0.0131,0.0523,1.18,0.677,0,1.07E-08,0,0,0,1,0
1006,521,0.000127,0.078,0.00346,0.0586,0.056,0.566,0.742,0,5.88E-08,0,0,0,1,0
1007,522,0.000127,0.0832,0.00515,0.0827,0.0501,1.31,0.685,0,1.30E-08,0,0,0,1,0
1008,523,0.000354,0.0634,0.0086,0.0493,0.0618,0.62,0.677,0,2.02E-08,0,0,0,1,0
1009,524,0.000224,0.0864,0.0005,0.0474,0.0844,1.45,0.988,0.398,1.61E-07,3.42E-05,0,0,1,1
1010,425,5.41E-05,0.062,0.00142,0.0415,0.0272,1.07,0.693,0.16,6.12E-23,2.16E-05,0,0,1,1
1011,426,0.000339,0.0767,0.00665,0.0783,0.0353,0.643,0.824,0.34,4.23E-24,1.07E-05,0,0,1,1
1012,427,0.000312,0.0287,0.00633,0.0933,0.0791,0.875,0.066,0,9.72E-07,0,0,0,1,0
1013,428,0.000307,0.0451,0.00496,0.0414,0.0545,1.5,0.755,0.246,8.63E-18,3.83E-05,0,0,1,1
1014,429,7.29E-05,0.0397,0.00619,0.0421,0.053,0.727,0.053,0,5.34E-07,0,0,0,1,0
1015,430,0.000118,0.0835,0.006,0.0951,0.0935,1.28,0,0,0,0,0,0,0,0
1016,431,0.000179,0.0484,0.00953,0.0302,0.0532,0.575,0.673,0,6.57E-09,0,0,0,1,0
1017,432,0.000246,0.0418,0.00465,0.0209,0.0772,1.06,0.094,0,3.47E-07,0,0,0,1,0
1018,433,0.000196,0.0129,0.000178,0.09,0.074,0.508,0.984,0.357,1.41E-48,3.23E-05,0,0,1,1
1019,434,0.000261,0.0996,0.00927,0.0112,0.0972,1.44,0,0,0,0,0,0,0,0
1020,435,8.32E-05,0.0562,0.00886,0.0611,0.0837,1.46,0,0,0,0,0,0,0,0
1021,436,6.42E-05,0.0699,0.00865,0.0283,0.039,1.33,0.628,0,5.60E-08,0,0,0,1,0
1022,437,6.56E-05,0.0837,0.000772,0.0848,0.0633,0.904,0.369,0,3.35E-06,0,0,0,1,0
1023,438,0.000136,0.0245,0.00853,0.0802,0.0615,1.43,0.029,0,1.04E-06,0,0,0,1,0
1024,439,0.000222,0.0861,0.00972,0.0691,0.0813,1.23,0,0,0,0,0,0,0,0
1025,440,0.000276,0.0834,0.00585,0.0464,0.0397,1.02,0.792,0.287,7.39E-18,2.17E-05,0,0,1,1
1026,441,0.000254,0.0208,0.00978,0.0334,0.0421,0.69,0.73,0.176,4.62E-12,4.32E-05,0,0,1,1
1027,442,0.000164,0.0764,0.00838,0.00492,0.0905,0.757,0,0,0,0,0,0,0,0
1028,443,0.000243,0.0391,0.00299,0.0137,0.0938,0.661,0.057,0,1.07E-06,0,0,0,1,0
1029,444,0.000113,0.0622,0.000451,0.0922,0.093,1.33,0,0,0,0,0,0,0,0
1030,445,3.51E-05,0.0248,0.00202,0.0876,0.0878,0.64,0,0,0,0,0,0,0,0
1031,446,0.000163,0.0619,0.000533,0.0651,0.0752,1.08,0.779,0.262,7.30E-08,4.00E-05,0.004,2.45E-06,3,1
1032,447,0.00034,0.0134,0.00752,0.0662,0.0764,1.26,0.098,0,1.55E-07,0,0,0,1,0
1033,448,6.75E-05,0.0857,0.00108,0.0868,0.0499,0.505,0.751,0.098,2.27E-14,4.68E-05,0,0,1,1
1034,449,0.000157,0.0916,0.00702,0.0405,0.0964,0.677,0,0,0,0,0,0,0,0
1035,1125,9.27E-05,0.0933,0.00854,0.0656,0.0631,1.49,0,0,0,0,0,0,0,0
1036,1126,0.00031,0.0814,0.00335,0.0721,0.0391,0.845,0.861,0.369,6.25E-29,8.74E-06,0,0,1,1
1037,1127,9.81E-05,0.086,0.00496,0.0958,0.0733,0.716,0,0,0,0,0,0,0,0
1038,1128,0.000305,0.0138,0.00143,0.0725,0.0334,0.888,0.89,0.381,2.19E-10,9.33E-07,0,0,1,1
1039,1129,6.33E-05,0.0317,0.00823,0.0854,0.07,1.42,0,0,0,0,0,0,0,0
1040,1130,0.000236,0.099,0.00407,0.0295,0.0838,0.773,0.082,0,9.76E-07,0,0,0,1,0
1041,1131,0.000165,0.0759,0.000706,0.0813,0.0668,1.23,0.874,0.476,6.59E-33,3.10E-05,0,0,1,1
1042,1132,0.000275,0.097,0.003,0.0128,0.0552,0.82,0.796,0.271,2.68E-11,3.44E-05,0,0,1,1
1043,1133,0.000182,0.0502,0.00298,0.0279,0.0805,1.03,0.053,0,1.01E-06,0,0,0,1,0
1044,1134,0.000311,0.0856,0.00495,0.0136,0.0567,1.26,0.722,0.23,3.57E-10,4.10E-05,0,0,1,1
1045,1135,5.52E-05,0.0674,0.00971,0.0187,0.0313,0.965,0.64,0,3.69E-08,0,0,0,1,0
1046,1136,7.85E-05,0.0757,0.00914,0.0069,0.0581,0.728,0,0,0,0,0,0,0,0
1047,1137,0.00013,0.0114,0.00321,0.04,0.0996,0.798,0,0,0,0,0,0,0,0
1048,1138,0.000215,0.0407,0.0012,0.0589,0.0567,0.557,0.886,0.32,9.30E-30,2.73E-05,0,0,1,1
1049,1139,0.000299,0.0395,0.00365,0.0156,0.0533,0.514,0.796,0.267,3.29E-12,3.36E-05,0,0,1,1
1050,1140,0.000313,0.0396,0.00903,0.034,0.0435,0.738,0.755,0.238,5.14E-13,3.53E-05,0,0,1,1
1051,1141,5.16E-05,0.0277,0.00566,0.0758,0.0528,0.502,0,0,0,0,0,0,0,0
1052,1142,5.66E-05,0.0886,0.00778,0.0843,0.0925,1.1,0,0,0,0,0,0,0,0
1053,1143,0.000138,0.0199,0.00354,0.0965,0.0939,0.588,0,0,0,0,0,0,0,0
1054,1144,0.000216,0.0832,0.00244,0.0139,0.049,1.31,0.796,0.263,2.71E-12,2.97E-05,0,0,1,1
1055,1100,0.000121,0.0496,0.00944,0.0104,0.0616,0.646,0.053,0,1.78E-06,0,0,0,1,0
1056,1101,0.000258,0.0578,0.0041,0.0835,0.0392,0.883,0.824,0.32,5.76E-31,1.55E-05,0,0,1,1
1057,1102,0.000173,0.016,0.00928,0.0634,0.0278,0.515,0.73,0.217,9.16E-17,2.23E-05,0,0,1,1
1058,1103,0.000353,0.0805,0.00559,0.0528,0.0661,1.17,0.685,0,2.74E-08,0,0,0,1,0
1059,1104,0.000306,0.013,0.00942,0.0206,0.058,1.49,0.689,0,6.09E-10,0,0,0,1,0
1060,1105,0.000167,0.021,0.00711,0.0765,0.0827,0.942,0,0,0,0,0,0,0,0
1061,1106,0.000114,0.0782,0.00523,0.0804,0.0895,0.655,0,0,0,0,0,0,0,0
1062,1107,0.000297,0.0271,0.00892,0.0552,0.0623,1.42,0.718,0,1.18E-11,0,0,0,1,0
1063,1108,8.13E-05,0.0923,0.000467,0.0683,0.057,1.48,0.796,0.291,2.33E-14,3.61E-05,0,0,1,1
1064,1109,8.77E-05,0.095,0.00252,0.0733,0.0873,1.41,0,0,0,0,0,0,0,0
1065,1110,3.20E-05,0.0353,0.00293,0.023,0.0573,1,0,0,0,0,0,0,0,0
1066,1111,6.47E-05,0.0409,0.00954,0.0988,0.0745,1.31,0,0,0,0,0,0,0,0
1067,1112,0.000274,0.0745,0.00781,0.0763,0.099,1.46,0,0,0,0,0,0,0,0
1068,1113,0.00033,0.0555,0.00887,0.0745,0.0345,0.512,0.787,0.304,1.46E-20,1.52E-05,0,0,1,1
1069,1114,0.000318,0.0185,0.00395,0.0292,0.0882,0.756,0.082,0,2.08E-07,0,0,0,1,0
1070,1115,0.000243,0.0241,0.00932,0.0835,0.0364,1.44,0.759,0.234,3.85E-18,3.05E-05,0,0,1,1
1071,1116,9.08E-05,0.0853,0.00194,0.0171,0.0771,0.694,0.012,0,4.13E-06,0,0,0,1,0
1072,1117,2.44E-05,0.0624,0.00327,0.0349,0.0987,0.585,0,0,0,0,0,0,0,0
1073,1118,0.000296,0.0941,0.00713,0.0017,0.0755,0.854,0,0,0,0,0,0,0,0
1074,1119,0.000286,0.0718,0.00747,0.0176,0.0261,0.77,0.755,0.308,5.74E-12,3.73E-06,0,0,1,1
1075,1120,0.000129,0.0911,0.000673,0.0729,0.0346,1.14,0.016,0.279,1.07E-05,5.85E-06,0.783,3.71E-09,2,1
1076,1121,0.000234,0.0536,0.00535,0.0297,0.0282,1.38,0.763,0.287,1.40E-14,6.05E-06,0,0,1,1
1077,1122,0.000122,0.076,0.00837,0.0668,0.0435,0.874,0.71,0,7.84E-13,0,0,0,1,0
1078,1123,9.11E-05,0.0413,0.00669,0.0471,0.0484,0.835,0.291,0,9.91E-08,0,0,0,1,0
1079,1124,0.000127,0.0148,0.00898,0.0891,0.0763,1.04,0,0,0,0,0,0,0,0
1080,1175,0.000339,0.0296,0.00384,0.00904,0.0986,0.653,0.066,0,9.71E-07,0,0,0,1,0
1081,1176,0.000244,0.0144,0.00678,0.087,0.0702,0.862,0.078,0,2.93E-07,0,0,0,1,0
1082,1177,0.000204,0.033,0.000145,0.0354,0.0932,0.839,0.931,0,2.37E-10,0,0.053,9.63E-07,2,0
1083,1178,0.000115,0.0731,0.00575,0.073,0.0547,1.39,0.664,0,1.99E-07,0,0,0,1,0
1084,1179,7.90E-05,0.0205,0.00492,0.0998,0.0497,1.35,0.049,0,6.26E-07,0,0,0,1,0
1085,1180,0.000133,0.0539,0.00363,0.0569,0.0478,1.32,0.73,0,8.46E-18,0,0.021,1.85E-06,2,0
1086,1181,5.44E-05,0.0754,0.00612,0.0455,0.0607,0.843,0,0,0,0,0,0,0,0
1087,1182,0.000176,0.0838,0.00748,0.0216,0.0916,1.43,0,0,0,0,0,0,0,0
1088,1183,0.000354,0.0844,0.00879,0.0907,0.0398,1.13,0.804,0.336,7.41E-22,2.00E-05,0,0,1,1
1089,1184,0.000134,0.0556,0.0087,0.0824,0.0875,1.32,0,0,0,0,0,0,0,0
1090,1185,5.05E-05,0.0518,0.00473,0.0349,0.0869,1.06,0,0,0,0,0,0,0,0
1091,1186,0.000323,0.0487,0.00907,0.0593,0.0629,1.25,0.722,0,4.63E-09,0,0,0,1,0
1092,1187,3.03E-05,0.0931,0.00372,0.00814,0.0516,1.42,0,0,0,0,0,0,0,0
1093,1188,0.000359,0.0329,0.00808,0.097,0.061,0.805,0.71,0,2.27E-10,0,0,0,1,0
1094,1189,0.000251,0.0469,0.00117,0.0667,0.0982,1.4,0,0,0,0,0,0,0,0
1095,1190,8.52E-05,0.0601,0.00267,0.0169,0.0785,1.07,0,0,0,0,0,0,0,0
1096,1191,0.000203,0.0171,0.0098,0.0689,0.0357,1.23,0.734,0.189,1.79E-15,3.79E-05,0,0,1,1
1097,1192,0.000334,0.087,0.000368,0.077,0.0737,0.547,0.894,0.669,6.40E-45,1.30E-05,0.016,3.29E-06,2,1
1098,1193,8.57E-05,0.023,0.00782,0.0703,0.0314,0.981,0.701,0,2.59E-14,0,0,0,1,0
1099,1194,0.000209,0.0982,0.00266,0.0788,0.0457,0.824,0.837,0.34,4.53E-34,2.09E-05,0,0,1,1
1100,1195,0.000157,0.0769,0.00385,0.00533,0.0728,1.46,0,0,0,0,0,0,0,0
1101,1196,0.00032,0.0324,0.000995,0.00748,0.045,0.98,0.853,0.365,1.70E-12,5.16E-06,0,0,1,1
1102,1197,3.76E-05,0.0934,0.00945,0.0623,0.0962,0.779,0,0,0,0,0,0,0,0
1103,1198,0.000245,0.0949,0.00668,0.0969,0.0637,1.37,0.759,0,6.97E-08,0,0,0,1,0
1104,1199,0.000323,0.0952,0.00695,0.0485,0.0267,1.36,0.8,0.34,2.59E-13,2.44E-06,0,0,1,1
1105,575,0.000106,0.0463,0.00172,0.0382,0.0302,1.15,0.767,0.217,1.79E-21,1.27E-05,0,0,1,1
1106,576,0.000319,0.0479,0.00812,0.0614,0.0332,1.06,0.783,0.304,6.66E-19,1.26E-05,0,0,1,1
1107,577,0.000312,0.0883,0.0058,0.061,0.0393,0.507,0.812,0.328,4.85E-22,1.64E-05,0,0,1,1
1108,578,0.000311,0.0292,0.00981,0.0199,0.046,0.755,0.726,0.189,1.57E-10,4.28E-05,0,0,1,1
1109,579,0.000147,0.036,0.00157,0.0747,0.068,1.12,0.82,0,3.99E-08,0,0,0,1,0
1110,580,6.53E-05,0.0534,0.00184,0.0298,0.047,0.501,0.73,0,2.42E-16,0,0,0,1,0
1111,581,0.000269,0.0124,0.0022,0.0477,0.0995,1.33,0,0,0,0,0,0,0,0
1112,582,9.97E-05,0.0669,0.00632,0.052,0.0324,1.27,0.718,0.131,1.99E-14,4.35E-05,0,0,1,1
1113,583,0.000294,0.0436,0.00265,0.0337,0.0458,1.29,0.837,0.328,1.36E-20,1.65E-05,0,0,1,1
1114,584,0.00012,0.0365,0.0093,0.0868,0.0932,1.36,0,0,0,0,0,0,0,0
1115,585,0.000176,0.0527,0.00811,0.00838,0.0329,1.45,0.632,0.197,9.81E-09,3.22E-05,0,0,1,1
1116,586,0.000112,0.0684,0.000723,0.0815,0.0816,1.21,0,0,0,0,0,0,0,0
1117,587,5.75E-05,0.0694,0.0045,0.0665,0.0878,1.36,0,0,0,0,0,0,0,0
1118,588,0.000352,0.0708,0.000632,0.059,0.0892,0.815,0.861,0.525,1.58E-26,3.20E-05,0.07,1.43E-06,2,1
1119,589,0.000292,0.0361,0.0033,0.0375,0.0521,0.705,0.824,0.287,3.35E-19,2.97E-05,0,0,1,1
1120,590,0.000146,0.0667,0.00518,0.00302,0.0682,1.39,0,0,0,0,0,0,0,0
1121,591,4.01E-05,0.0259,0.00253,0.0805,0.0818,1.21,0,0,0,0,0,0,0,0
1122,592,0.000134,0.0773,0.0048,0.0241,0.0522,0.819,0.697,0,1.09E-09,0,0,0,1,0
1123,593,0.00015,0.0244,0.00779,0.00781,0.0375,1.31,0.669,0.09,1.42E-08,4.77E-05,0,0,1,1
1124,594,0.000189,0.0842,0.00477,0.0681,0.0946,0.732,0,0,0,0,0,0,0,0
1125,595,0.000137,0.0151,0.00276,0.0552,0.0732,1.15,0,0,0,0,0,0,0,0
1126,596,0.000281,0.0849,0.00387,0.0515,0.0774,0.715,0.771,0,1.28E-07,0,0,0,1,0
1127,597,0.000164,0.0995,0.00347,0.0818,0.097,0.983,0,0,0,0,0,0,0,0
1128,598,4.79E-05,0.0804,0.00383,0.00624,0.038,1.11,0.435,0,9.00E-07,0,0,0,1,0
1129,599,4.21E-05,0.0389,0.00664,0.0554,0.0645,0.997,0,0,0,0,0,0,0,0
1130,275,0.000103,0.0508,0.0025,0.00574,0.0941,0.89,0,0,0,0,0,0,0,0
1131,276,4.51E-05,0.0538,0.00685,0.0613,0.0503,0.565,0,0,0,0,0,0,0,0
1132,277,2.58E-05,0.0409,0.000162,0.0811,0.043,0.93,0.759,0,5.07E-28,0,0,0,1,0
1133,278,0.000332,0.0297,0.00982,0.0899,0.0549,1.45,0.722,0,3.97E-14,0,0,0,1,0
1134,279,0.000128,0.0313,0.00657,0.0828,0.0564,1.41,0.074,0,4.15E-07,0,0,0,1,0
1135,280,0.000137,0.0577,0.00539,0.012,0.095,0.979,0,0,0,0,0,0,0,0
1136,281,0.000338,0.0695,0.00291,0.0127,0.0988,0.721,0.082,0,1.38E-06,0,0,0,1,0
1137,282,0.00021,0.0703,0.00762,0.00426,0.0833,1.33,0,0,0,0,0,0,0,0
1138,283,0.000298,0.0441,0.00933,0.0478,0.047,0.562,0.763,0.193,2.28E-14,4.29E-05,0,0,1,1
1139,284,0.000141,0.0505,0.00845,0.0546,0.0276,0.907,0.722,0.201,1.52E-14,2.62E-05,0,0,1,1
1140,285,0.000278,0.0199,0.00806,0.00723,0.0902,1.08,0,0,0,0,0,0,0,0
1141,286,0.000216,0.0632,0.00179,0.078,0.0323,0.948,0.845,0.324,1.45E-09,3.23E-06,0,0,1,1
1142,287,3.25E-05,0.0551,0.00524,0.0238,0.0614,0.87,0,0,0,0,0,0,0,0
1143,288,0.000105,0.0141,0.00442,0.0301,0.0438,1.17,0.71,0,1.24E-12,0,0,0,1,0
1144,289,5.30E-05,0.046,0.00834,0.0774,0.0572,1.16,0,0,0,0,0,0,0,0
1145,290,0.000143,0.0846,0.000731,0.0317,0.0527,0.705,0.845,0.275,2.19E-19,2.93E-05,0,0,1,1
1146,291,0.000221,0.0277,0.000261,0.0896,0.0465,1.29,0.033,0.365,2.08E-06,4.37E-06,0.488,1.31E-09,3,1
1147,292,7.31E-05,0.0427,0.0026,0.0441,0.0417,1.2,0.734,0,2.36E-15,0,0,0,1,0
1148,293,0.000308,0.0737,0.00547,0.0417,0.0965,1.13,0.033,0,3.28E-06,0,0,0,1,0
1149,294,0.000306,0.0537,0.0064,0.0219,0.0422,1.05,0.763,0.275,1.61E-12,2.59E-05,0,0,1,1
1150,295,0.000133,0.0178,0.00981,0.0877,0.0796,1.28,0,0,0,0,0,0,0,0
1151,296,0.000257,0.0974,0.000649,0.0713,0.0898,1.02,0.98,0.472,4.09E-08,3.62E-05,0,0,1,1
1152,297,0.000273,0.0925,0.00205,0.0183,0.0513,0.585,0.841,0.32,6.35E-15,2.19E-05,0,0,1,1
1153,298,0.000102,0.0801,0.00854,0.00673,0.0389,0.616,0.64,0,3.46E-07,0,0,0,1,0
1154,299,9.69E-05,0.067,0.00064,0.0398,0.0635,1.22,0.837,0,7.43E-08,0,0,0,1,0
1155,475,0.000318,0.0535,0.000409,0.0217,0.0477,0.606,0.562,0.394,1.28E-08,3.09E-06,0.336,9.67E-09,2,1
1156,476,0.000311,0.0634,0.000385,0.0402,0.0725,0.625,0.993,0.447,1.55E-23,1.97E-05,0,0,1,1
1157,477,0.000113,0.0735,0.0018,0.0173,0.0747,1.04,0.045,0,2.17E-06,0,0,0,1,0
1158,478,0.000242,0.0829,0.00111,0.095,0.0585,0.922,0.919,0.484,1.77E-49,1.82E-05,0,0,1,1
1159,479,9.67E-05,0.0423,0.00478,0.0236,0.0933,0.873,0,0,0,0,0,0,0,0
1160,480,0.000206,0.068,0.00697,0.0158,0.0555,1.15,0.681,0,1.74E-08,0,0,0,1,0
1161,481,0.000255,0.0184,0.00525,0.0275,0.0322,1.34,0.763,0.287,7.05E-15,1.05E-05,0,0,1,1
1162,482,0.000177,0.0758,0.00275,0.0453,0.0363,1.47,0.804,0.262,1.74E-21,1.62E-05,0,0,1,1
1163,483,5.86E-05,0.0713,0.00268,0.0846,0.0752,1.33,0,0,0,0,0,0,0,0
1164,484,0.000246,0.0272,0.00999,0.0392,0.042,0.586,0.734,0.164,2.06E-12,4.44E-05,0,0,1,1
1165,485,0.000274,0.0226,0.00158,0.0986,0.0958,0.8,0,0,0,0,0,0,0,0
1166,486,0.000173,0.063,0.00191,0.0191,0.032,0.86,0.779,0.271,3.22E-14,6.72E-06,0,0,1,1
1167,487,0.000303,0.0449,0.00125,0.0695,0.0532,0.672,0.931,0.394,2.74E-46,1.32E-05,0,0,1,1
1168,488,0.000168,0.0738,0.0039,0.0538,0.0548,0.931,0.734,0,2.56E-12,0,0,0,1,0
1169,489,0.000211,0.0205,0.00881,0.0302,0.0551,1.2,0.677,0,1.10E-09,0,0,0,1,0
1170,490,0.000104,0.0179,0.0069,0.0594,0.0609,1.41,0,0,0,0,0,0,0,0
1171,491,0.000262,0.0385,0.00166,0.0188,0.054,0.79,0.845,0.308,8.95E-16,2.48E-05,0,0,1,1
1172,492,0.00035,0.0153,0.00665,0.0257,0.0953,0.74,0.066,0,2.60E-07,0,0,0,1,0
1173,493,0.000246,0.0191,0.00722,0.047,0.0657,1.17,0.119,0,1.09E-07,0,0,0,1,0
1174,494,5.10E-05,0.0928,0.00816,0.0296,0.0292,0.814,0.66,0,1.48E-09,0,0,0,1,0
1175,495,0.000209,0.0465,0.00194,0.0381,0.0749,0.822,0.788,0,1.42E-07,0,0,0,1,0
1176,496,2.92E-05,0.0238,0.00672,0.05,0.0585,0.702,0,0,0,0,0,0,0,0
1177,497,9.22E-05,0.0947,0.00656,0.0396,0.0384,1.1,0.697,0,2.31E-11,0,0,0,1,0
1178,498,0.000314,0.0783,0.00116,0.0387,0.0915,0.744,0.939,0,3.90E-08,0,0,0,1,0
1179,499,0.000162,0.0388,0.00758,0.0731,0.0975,0.551,0,0,0,0,0,0,0,0
